class,path
3,output_kepek\3\1000_3.png
3,output_kepek\3\1001_3.png
3,output_kepek\3\1002_3.png
3,output_kepek\3\1003_3.png
3,output_kepek\3\1004_3.png
3,output_kepek\3\1005_3.png
3,output_kepek\3\1006_3.png
3,output_kepek\3\1007_3.png
3,output_kepek\3\1008_3.png
3,output_kepek\3\1009_3.png
1,output_kepek\1\100_1.png
3,output_kepek\3\1010_3.png
3,output_kepek\3\1011_3.png
3,output_kepek\3\1012_3.png
3,output_kepek\3\1013_3.png
3,output_kepek\3\1014_3.png
3,output_kepek\3\1015_3.png
3,output_kepek\3\1016_3.png
3,output_kepek\3\1017_3.png
3,output_kepek\3\1018_3.png
3,output_kepek\3\1019_3.png
1,output_kepek\1\101_1.png
3,output_kepek\3\1020_3.png
3,output_kepek\3\1021_3.png
3,output_kepek\3\1022_3.png
3,output_kepek\3\1023_3.png
3,output_kepek\3\1024_3.png
3,output_kepek\3\1025_3.png
3,output_kepek\3\1026_3.png
3,output_kepek\3\1027_3.png
3,output_kepek\3\1028_3.png
3,output_kepek\3\1029_3.png
1,output_kepek\1\102_1.png
3,output_kepek\3\1030_3.png
3,output_kepek\3\1031_3.png
3,output_kepek\3\1032_3.png
3,output_kepek\3\1033_3.png
3,output_kepek\3\1034_3.png
3,output_kepek\3\1035_3.png
3,output_kepek\3\1036_3.png
3,output_kepek\3\1037_3.png
3,output_kepek\3\1038_3.png
3,output_kepek\3\1039_3.png
1,output_kepek\1\103_1.png
3,output_kepek\3\1040_3.png
3,output_kepek\3\1041_3.png
3,output_kepek\3\1042_3.png
3,output_kepek\3\1043_3.png
3,output_kepek\3\1044_3.png
3,output_kepek\3\1045_3.png
3,output_kepek\3\1046_3.png
3,output_kepek\3\1047_3.png
3,output_kepek\3\1048_3.png
3,output_kepek\3\1049_3.png
1,output_kepek\1\104_1.png
3,output_kepek\3\1050_3.png
3,output_kepek\3\1051_3.png
3,output_kepek\3\1052_3.png
3,output_kepek\3\1053_3.png
3,output_kepek\3\1054_3.png
3,output_kepek\3\1055_3.png
3,output_kepek\3\1056_3.png
3,output_kepek\3\1057_3.png
3,output_kepek\3\1058_3.png
3,output_kepek\3\1059_3.png
1,output_kepek\1\105_1.png
3,output_kepek\3\1060_3.png
3,output_kepek\3\1061_3.png
3,output_kepek\3\1062_3.png
3,output_kepek\3\1063_3.png
3,output_kepek\3\1064_3.png
3,output_kepek\3\1065_3.png
3,output_kepek\3\1066_3.png
3,output_kepek\3\1067_3.png
3,output_kepek\3\1068_3.png
3,output_kepek\3\1069_3.png
1,output_kepek\1\106_1.png
3,output_kepek\3\1070_3.png
3,output_kepek\3\1071_3.png
3,output_kepek\3\1072_3.png
3,output_kepek\3\1073_3.png
3,output_kepek\3\1074_3.png
3,output_kepek\3\1075_3.png
3,output_kepek\3\1076_3.png
3,output_kepek\3\1077_3.png
3,output_kepek\3\1078_3.png
3,output_kepek\3\1079_3.png
1,output_kepek\1\107_1.png
3,output_kepek\3\1080_3.png
3,output_kepek\3\1081_3.png
3,output_kepek\3\1082_3.png
3,output_kepek\3\1083_3.png
3,output_kepek\3\1084_3.png
3,output_kepek\3\1085_3.png
3,output_kepek\3\1086_3.png
3,output_kepek\3\1087_3.png
3,output_kepek\3\1088_3.png
3,output_kepek\3\1089_3.png
1,output_kepek\1\108_1.png
3,output_kepek\3\1090_3.png
3,output_kepek\3\1091_3.png
3,output_kepek\3\1092_3.png
3,output_kepek\3\1093_3.png
3,output_kepek\3\1094_3.png
3,output_kepek\3\1095_3.png
3,output_kepek\3\1096_3.png
3,output_kepek\3\1097_3.png
3,output_kepek\3\1098_3.png
3,output_kepek\3\1099_3.png
1,output_kepek\1\109_1.png
1,output_kepek\1\10_1.png
3,output_kepek\3\1100_3.png
3,output_kepek\3\1101_3.png
3,output_kepek\3\1102_3.png
3,output_kepek\3\1103_3.png
3,output_kepek\3\1104_3.png
3,output_kepek\3\1105_3.png
3,output_kepek\3\1106_3.png
3,output_kepek\3\1107_3.png
3,output_kepek\3\1108_3.png
3,output_kepek\3\1109_3.png
1,output_kepek\1\110_1.png
3,output_kepek\3\1110_3.png
3,output_kepek\3\1111_3.png
3,output_kepek\3\1112_3.png
3,output_kepek\3\1113_3.png
3,output_kepek\3\1114_3.png
3,output_kepek\3\1115_3.png
3,output_kepek\3\1116_3.png
3,output_kepek\3\1117_3.png
3,output_kepek\3\1118_3.png
3,output_kepek\3\1119_3.png
1,output_kepek\1\111_1.png
3,output_kepek\3\1120_3.png
3,output_kepek\3\1121_3.png
3,output_kepek\3\1122_3.png
3,output_kepek\3\1123_3.png
3,output_kepek\3\1124_3.png
3,output_kepek\3\1125_3.png
3,output_kepek\3\1126_3.png
3,output_kepek\3\1127_3.png
3,output_kepek\3\1128_3.png
3,output_kepek\3\1129_3.png
1,output_kepek\1\112_1.png
3,output_kepek\3\1130_3.png
3,output_kepek\3\1131_3.png
3,output_kepek\3\1132_3.png
3,output_kepek\3\1133_3.png
3,output_kepek\3\1134_3.png
3,output_kepek\3\1135_3.png
3,output_kepek\3\1136_3.png
3,output_kepek\3\1137_3.png
3,output_kepek\3\1138_3.png
3,output_kepek\3\1139_3.png
1,output_kepek\1\113_1.png
3,output_kepek\3\1140_3.png
3,output_kepek\3\1141_3.png
3,output_kepek\3\1142_3.png
3,output_kepek\3\1143_3.png
3,output_kepek\3\1144_3.png
3,output_kepek\3\1145_3.png
3,output_kepek\3\1146_3.png
3,output_kepek\3\1147_3.png
3,output_kepek\3\1148_3.png
3,output_kepek\3\1149_3.png
1,output_kepek\1\114_1.png
3,output_kepek\3\1150_3.png
3,output_kepek\3\1151_3.png
3,output_kepek\3\1152_3.png
3,output_kepek\3\1153_3.png
3,output_kepek\3\1154_3.png
3,output_kepek\3\1155_3.png
3,output_kepek\3\1156_3.png
3,output_kepek\3\1157_3.png
3,output_kepek\3\1158_3.png
3,output_kepek\3\1159_3.png
1,output_kepek\1\115_1.png
3,output_kepek\3\1160_3.png
3,output_kepek\3\1161_3.png
3,output_kepek\3\1162_3.png
3,output_kepek\3\1163_3.png
3,output_kepek\3\1164_3.png
3,output_kepek\3\1165_3.png
3,output_kepek\3\1166_3.png
3,output_kepek\3\1167_3.png
3,output_kepek\3\1168_3.png
3,output_kepek\3\1169_3.png
1,output_kepek\1\116_1.png
3,output_kepek\3\1170_3.png
3,output_kepek\3\1171_3.png
3,output_kepek\3\1172_3.png
3,output_kepek\3\1173_3.png
3,output_kepek\3\1174_3.png
3,output_kepek\3\1175_3.png
3,output_kepek\3\1176_3.png
3,output_kepek\3\1177_3.png
3,output_kepek\3\1178_3.png
3,output_kepek\3\1179_3.png
1,output_kepek\1\117_1.png
3,output_kepek\3\1180_3.png
3,output_kepek\3\1181_3.png
3,output_kepek\3\1182_3.png
3,output_kepek\3\1183_3.png
3,output_kepek\3\1184_3.png
3,output_kepek\3\1185_3.png
3,output_kepek\3\1186_3.png
3,output_kepek\3\1187_3.png
3,output_kepek\3\1188_3.png
3,output_kepek\3\1189_3.png
1,output_kepek\1\118_1.png
3,output_kepek\3\1190_3.png
3,output_kepek\3\1191_3.png
3,output_kepek\3\1192_3.png
3,output_kepek\3\1193_3.png
3,output_kepek\3\1194_3.png
3,output_kepek\3\1195_3.png
3,output_kepek\3\1196_3.png
3,output_kepek\3\1197_3.png
3,output_kepek\3\1198_3.png
3,output_kepek\3\1199_3.png
1,output_kepek\1\119_1.png
1,output_kepek\1\11_1.png
3,output_kepek\3\1200_3.png
3,output_kepek\3\1201_3.png
3,output_kepek\3\1202_3.png
3,output_kepek\3\1203_3.png
3,output_kepek\3\1204_3.png
3,output_kepek\3\1205_3.png
3,output_kepek\3\1206_3.png
3,output_kepek\3\1207_3.png
3,output_kepek\3\1208_3.png
3,output_kepek\3\1209_3.png
1,output_kepek\1\120_1.png
3,output_kepek\3\1210_3.png
3,output_kepek\3\1211_3.png
3,output_kepek\3\1212_3.png
3,output_kepek\3\1213_3.png
3,output_kepek\3\1214_3.png
3,output_kepek\3\1215_3.png
3,output_kepek\3\1216_3.png
3,output_kepek\3\1217_3.png
3,output_kepek\3\1218_3.png
3,output_kepek\3\1219_3.png
1,output_kepek\1\121_1.png
3,output_kepek\3\1220_3.png
3,output_kepek\3\1221_3.png
3,output_kepek\3\1222_3.png
3,output_kepek\3\1223_3.png
3,output_kepek\3\1224_3.png
3,output_kepek\3\1225_3.png
3,output_kepek\3\1226_3.png
3,output_kepek\3\1227_3.png
3,output_kepek\3\1228_3.png
3,output_kepek\3\1229_3.png
1,output_kepek\1\122_1.png
3,output_kepek\3\1230_3.png
3,output_kepek\3\1231_3.png
3,output_kepek\3\1232_3.png
3,output_kepek\3\1233_3.png
3,output_kepek\3\1234_3.png
3,output_kepek\3\1235_3.png
3,output_kepek\3\1236_3.png
3,output_kepek\3\1237_3.png
3,output_kepek\3\1238_3.png
3,output_kepek\3\1239_3.png
1,output_kepek\1\123_1.png
3,output_kepek\3\1240_3.png
3,output_kepek\3\1241_3.png
3,output_kepek\3\1242_3.png
3,output_kepek\3\1243_3.png
3,output_kepek\3\1244_3.png
3,output_kepek\3\1245_3.png
3,output_kepek\3\1246_3.png
3,output_kepek\3\1247_3.png
3,output_kepek\3\1248_3.png
3,output_kepek\3\1249_3.png
1,output_kepek\1\124_1.png
3,output_kepek\3\1250_3.png
3,output_kepek\3\1251_3.png
3,output_kepek\3\1252_3.png
3,output_kepek\3\1253_3.png
3,output_kepek\3\1254_3.png
3,output_kepek\3\1255_3.png
3,output_kepek\3\1256_3.png
3,output_kepek\3\1257_3.png
3,output_kepek\3\1258_3.png
3,output_kepek\3\1259_3.png
1,output_kepek\1\125_1.png
3,output_kepek\3\1260_3.png
3,output_kepek\3\1261_3.png
3,output_kepek\3\1262_3.png
3,output_kepek\3\1263_3.png
3,output_kepek\3\1264_3.png
3,output_kepek\3\1265_3.png
3,output_kepek\3\1266_3.png
3,output_kepek\3\1267_3.png
3,output_kepek\3\1268_3.png
3,output_kepek\3\1269_3.png
1,output_kepek\1\126_1.png
3,output_kepek\3\1270_3.png
3,output_kepek\3\1271_3.png
3,output_kepek\3\1272_3.png
3,output_kepek\3\1273_3.png
3,output_kepek\3\1274_3.png
3,output_kepek\3\1275_3.png
3,output_kepek\3\1276_3.png
3,output_kepek\3\1277_3.png
3,output_kepek\3\1278_3.png
3,output_kepek\3\1279_3.png
1,output_kepek\1\127_1.png
3,output_kepek\3\1280_3.png
3,output_kepek\3\1281_3.png
3,output_kepek\3\1282_3.png
3,output_kepek\3\1283_3.png
3,output_kepek\3\1284_3.png
3,output_kepek\3\1285_3.png
3,output_kepek\3\1286_3.png
3,output_kepek\3\1287_3.png
3,output_kepek\3\1288_3.png
3,output_kepek\3\1289_3.png
1,output_kepek\1\128_1.png
3,output_kepek\3\1290_3.png
3,output_kepek\3\1291_3.png
3,output_kepek\3\1292_3.png
3,output_kepek\3\1293_3.png
3,output_kepek\3\1294_3.png
3,output_kepek\3\1295_3.png
3,output_kepek\3\1296_3.png
3,output_kepek\3\1297_3.png
3,output_kepek\3\1298_3.png
3,output_kepek\3\1299_3.png
1,output_kepek\1\129_1.png
1,output_kepek\1\12_1.png
3,output_kepek\3\1300_3.png
3,output_kepek\3\1301_3.png
3,output_kepek\3\1302_3.png
3,output_kepek\3\1303_3.png
3,output_kepek\3\1304_3.png
3,output_kepek\3\1305_3.png
3,output_kepek\3\1306_3.png
3,output_kepek\3\1307_3.png
3,output_kepek\3\1308_3.png
3,output_kepek\3\1309_3.png
1,output_kepek\1\130_1.png
3,output_kepek\3\1310_3.png
3,output_kepek\3\1311_3.png
3,output_kepek\3\1312_3.png
3,output_kepek\3\1313_3.png
3,output_kepek\3\1314_3.png
3,output_kepek\3\1315_3.png
3,output_kepek\3\1316_3.png
3,output_kepek\3\1317_3.png
3,output_kepek\3\1318_3.png
3,output_kepek\3\1319_3.png
1,output_kepek\1\131_1.png
3,output_kepek\3\1320_3.png
3,output_kepek\3\1321_3.png
3,output_kepek\3\1322_3.png
3,output_kepek\3\1323_3.png
3,output_kepek\3\1324_3.png
3,output_kepek\3\1325_3.png
3,output_kepek\3\1326_3.png
3,output_kepek\3\1327_3.png
3,output_kepek\3\1328_3.png
3,output_kepek\3\1329_3.png
1,output_kepek\1\132_1.png
3,output_kepek\3\1330_3.png
3,output_kepek\3\1331_3.png
3,output_kepek\3\1332_3.png
3,output_kepek\3\1333_3.png
3,output_kepek\3\1334_3.png
3,output_kepek\3\1335_3.png
3,output_kepek\3\1336_3.png
3,output_kepek\3\1337_3.png
3,output_kepek\3\1338_3.png
3,output_kepek\3\1339_3.png
1,output_kepek\1\133_1.png
3,output_kepek\3\1340_3.png
3,output_kepek\3\1341_3.png
3,output_kepek\3\1342_3.png
3,output_kepek\3\1343_3.png
3,output_kepek\3\1344_3.png
3,output_kepek\3\1345_3.png
3,output_kepek\3\1346_3.png
3,output_kepek\3\1347_3.png
3,output_kepek\3\1348_3.png
3,output_kepek\3\1349_3.png
1,output_kepek\1\134_1.png
3,output_kepek\3\1350_3.png
3,output_kepek\3\1351_3.png
3,output_kepek\3\1352_3.png
3,output_kepek\3\1353_3.png
3,output_kepek\3\1354_3.png
3,output_kepek\3\1355_3.png
3,output_kepek\3\1356_3.png
3,output_kepek\3\1357_3.png
3,output_kepek\3\1358_3.png
3,output_kepek\3\1359_3.png
1,output_kepek\1\135_1.png
3,output_kepek\3\1360_3.png
3,output_kepek\3\1361_3.png
3,output_kepek\3\1362_3.png
3,output_kepek\3\1363_3.png
3,output_kepek\3\1364_3.png
3,output_kepek\3\1365_3.png
3,output_kepek\3\1366_3.png
3,output_kepek\3\1367_3.png
3,output_kepek\3\1368_3.png
3,output_kepek\3\1369_3.png
1,output_kepek\1\136_1.png
3,output_kepek\3\1370_3.png
3,output_kepek\3\1371_3.png
3,output_kepek\3\1372_3.png
3,output_kepek\3\1373_3.png
3,output_kepek\3\1374_3.png
3,output_kepek\3\1375_3.png
3,output_kepek\3\1376_3.png
3,output_kepek\3\1377_3.png
3,output_kepek\3\1378_3.png
3,output_kepek\3\1379_3.png
1,output_kepek\1\137_1.png
3,output_kepek\3\1380_3.png
3,output_kepek\3\1381_3.png
3,output_kepek\3\1382_3.png
3,output_kepek\3\1383_3.png
3,output_kepek\3\1384_3.png
3,output_kepek\3\1385_3.png
3,output_kepek\3\1386_3.png
3,output_kepek\3\1387_3.png
3,output_kepek\3\1388_3.png
3,output_kepek\3\1389_3.png
1,output_kepek\1\138_1.png
3,output_kepek\3\1390_3.png
3,output_kepek\3\1391_3.png
3,output_kepek\3\1392_3.png
3,output_kepek\3\1393_3.png
3,output_kepek\3\1394_3.png
3,output_kepek\3\1395_3.png
3,output_kepek\3\1396_3.png
3,output_kepek\3\1397_3.png
3,output_kepek\3\1398_3.png
3,output_kepek\3\1399_3.png
1,output_kepek\1\139_1.png
1,output_kepek\1\13_1.png
3,output_kepek\3\1400_3.png
3,output_kepek\3\1401_3.png
3,output_kepek\3\1402_3.png
3,output_kepek\3\1403_3.png
3,output_kepek\3\1404_3.png
3,output_kepek\3\1405_3.png
3,output_kepek\3\1406_3.png
3,output_kepek\3\1407_3.png
3,output_kepek\3\1408_3.png
3,output_kepek\3\1409_3.png
1,output_kepek\1\140_1.png
3,output_kepek\3\1410_3.png
3,output_kepek\3\1411_3.png
3,output_kepek\3\1412_3.png
3,output_kepek\3\1413_3.png
3,output_kepek\3\1414_3.png
3,output_kepek\3\1415_3.png
3,output_kepek\3\1416_3.png
3,output_kepek\3\1417_3.png
3,output_kepek\3\1418_3.png
3,output_kepek\3\1419_3.png
1,output_kepek\1\141_1.png
3,output_kepek\3\1420_3.png
3,output_kepek\3\1421_3.png
3,output_kepek\3\1422_3.png
3,output_kepek\3\1423_3.png
3,output_kepek\3\1424_3.png
3,output_kepek\3\1425_3.png
3,output_kepek\3\1426_3.png
3,output_kepek\3\1427_3.png
3,output_kepek\3\1428_3.png
3,output_kepek\3\1429_3.png
1,output_kepek\1\142_1.png
3,output_kepek\3\1430_3.png
3,output_kepek\3\1431_3.png
3,output_kepek\3\1432_3.png
3,output_kepek\3\1433_3.png
3,output_kepek\3\1434_3.png
3,output_kepek\3\1435_3.png
3,output_kepek\3\1436_3.png
3,output_kepek\3\1437_3.png
3,output_kepek\3\1438_3.png
3,output_kepek\3\1439_3.png
1,output_kepek\1\143_1.png
3,output_kepek\3\1440_3.png
3,output_kepek\3\1441_3.png
3,output_kepek\3\1442_3.png
3,output_kepek\3\1443_3.png
3,output_kepek\3\1444_3.png
3,output_kepek\3\1445_3.png
3,output_kepek\3\1446_3.png
3,output_kepek\3\1447_3.png
3,output_kepek\3\1448_3.png
3,output_kepek\3\1449_3.png
1,output_kepek\1\144_1.png
3,output_kepek\3\1450_3.png
3,output_kepek\3\1451_3.png
3,output_kepek\3\1452_3.png
3,output_kepek\3\1453_3.png
3,output_kepek\3\1454_3.png
3,output_kepek\3\1455_3.png
3,output_kepek\3\1456_3.png
3,output_kepek\3\1457_3.png
3,output_kepek\3\1458_3.png
3,output_kepek\3\1459_3.png
1,output_kepek\1\145_1.png
3,output_kepek\3\1460_3.png
3,output_kepek\3\1461_3.png
3,output_kepek\3\1462_3.png
3,output_kepek\3\1463_3.png
3,output_kepek\3\1464_3.png
3,output_kepek\3\1465_3.png
3,output_kepek\3\1466_3.png
3,output_kepek\3\1467_3.png
3,output_kepek\3\1468_3.png
3,output_kepek\3\1469_3.png
1,output_kepek\1\146_1.png
3,output_kepek\3\1470_3.png
3,output_kepek\3\1471_3.png
3,output_kepek\3\1472_3.png
3,output_kepek\3\1473_3.png
3,output_kepek\3\1474_3.png
3,output_kepek\3\1475_3.png
3,output_kepek\3\1476_3.png
3,output_kepek\3\1477_3.png
3,output_kepek\3\1478_3.png
3,output_kepek\3\1479_3.png
1,output_kepek\1\147_1.png
3,output_kepek\3\1480_3.png
3,output_kepek\3\1481_3.png
3,output_kepek\3\1482_3.png
3,output_kepek\3\1483_3.png
3,output_kepek\3\1484_3.png
3,output_kepek\3\1485_3.png
3,output_kepek\3\1486_3.png
3,output_kepek\3\1487_3.png
3,output_kepek\3\1488_3.png
3,output_kepek\3\1489_3.png
1,output_kepek\1\148_1.png
3,output_kepek\3\1490_3.png
3,output_kepek\3\1491_3.png
3,output_kepek\3\1492_3.png
3,output_kepek\3\1493_3.png
3,output_kepek\3\1494_3.png
3,output_kepek\3\1495_3.png
3,output_kepek\3\1496_3.png
3,output_kepek\3\1497_3.png
3,output_kepek\3\1498_3.png
3,output_kepek\3\1499_3.png
1,output_kepek\1\149_1.png
1,output_kepek\1\14_1.png
3,output_kepek\3\1500_3.png
3,output_kepek\3\1501_3.png
3,output_kepek\3\1502_3.png
3,output_kepek\3\1503_3.png
3,output_kepek\3\1504_3.png
3,output_kepek\3\1505_3.png
3,output_kepek\3\1506_3.png
3,output_kepek\3\1507_3.png
3,output_kepek\3\1508_3.png
3,output_kepek\3\1509_3.png
1,output_kepek\1\150_1.png
3,output_kepek\3\1510_3.png
3,output_kepek\3\1511_3.png
3,output_kepek\3\1512_3.png
3,output_kepek\3\1513_3.png
3,output_kepek\3\1514_3.png
3,output_kepek\3\1515_3.png
3,output_kepek\3\1516_3.png
3,output_kepek\3\1517_3.png
3,output_kepek\3\1518_3.png
3,output_kepek\3\1519_3.png
1,output_kepek\1\151_1.png
3,output_kepek\3\1520_3.png
3,output_kepek\3\1521_3.png
3,output_kepek\3\1522_3.png
3,output_kepek\3\1523_3.png
3,output_kepek\3\1524_3.png
3,output_kepek\3\1525_3.png
3,output_kepek\3\1526_3.png
3,output_kepek\3\1527_3.png
3,output_kepek\3\1528_3.png
3,output_kepek\3\1529_3.png
1,output_kepek\1\152_1.png
3,output_kepek\3\1530_3.png
3,output_kepek\3\1531_3.png
3,output_kepek\3\1532_3.png
3,output_kepek\3\1533_3.png
3,output_kepek\3\1534_3.png
3,output_kepek\3\1535_3.png
3,output_kepek\3\1536_3.png
3,output_kepek\3\1537_3.png
3,output_kepek\3\1538_3.png
3,output_kepek\3\1539_3.png
1,output_kepek\1\153_1.png
3,output_kepek\3\1540_3.png
3,output_kepek\3\1541_3.png
3,output_kepek\3\1542_3.png
3,output_kepek\3\1543_3.png
3,output_kepek\3\1544_3.png
3,output_kepek\3\1545_3.png
3,output_kepek\3\1546_3.png
3,output_kepek\3\1547_3.png
3,output_kepek\3\1548_3.png
3,output_kepek\3\1549_3.png
1,output_kepek\1\154_1.png
3,output_kepek\3\1550_3.png
3,output_kepek\3\1551_3.png
3,output_kepek\3\1552_3.png
3,output_kepek\3\1553_3.png
3,output_kepek\3\1554_3.png
3,output_kepek\3\1555_3.png
3,output_kepek\3\1556_3.png
3,output_kepek\3\1557_3.png
3,output_kepek\3\1558_3.png
3,output_kepek\3\1559_3.png
1,output_kepek\1\155_1.png
3,output_kepek\3\1560_3.png
3,output_kepek\3\1561_3.png
3,output_kepek\3\1562_3.png
3,output_kepek\3\1563_3.png
3,output_kepek\3\1564_3.png
3,output_kepek\3\1565_3.png
3,output_kepek\3\1566_3.png
3,output_kepek\3\1567_3.png
3,output_kepek\3\1568_3.png
3,output_kepek\3\1569_3.png
1,output_kepek\1\156_1.png
3,output_kepek\3\1570_3.png
3,output_kepek\3\1571_3.png
3,output_kepek\3\1572_3.png
3,output_kepek\3\1573_3.png
3,output_kepek\3\1574_3.png
3,output_kepek\3\1575_3.png
3,output_kepek\3\1576_3.png
3,output_kepek\3\1577_3.png
3,output_kepek\3\1578_3.png
3,output_kepek\3\1579_3.png
1,output_kepek\1\157_1.png
3,output_kepek\3\1580_3.png
3,output_kepek\3\1581_3.png
3,output_kepek\3\1582_3.png
3,output_kepek\3\1583_3.png
3,output_kepek\3\1584_3.png
3,output_kepek\3\1585_3.png
3,output_kepek\3\1586_3.png
3,output_kepek\3\1587_3.png
3,output_kepek\3\1588_3.png
3,output_kepek\3\1589_3.png
1,output_kepek\1\158_1.png
3,output_kepek\3\1590_3.png
3,output_kepek\3\1591_3.png
3,output_kepek\3\1592_3.png
3,output_kepek\3\1593_3.png
3,output_kepek\3\1594_3.png
3,output_kepek\3\1595_3.png
3,output_kepek\3\1596_3.png
3,output_kepek\3\1597_3.png
3,output_kepek\3\1598_3.png
3,output_kepek\3\1599_3.png
1,output_kepek\1\159_1.png
1,output_kepek\1\15_1.png
3,output_kepek\3\1600_3.png
3,output_kepek\3\1601_3.png
3,output_kepek\3\1602_3.png
3,output_kepek\3\1603_3.png
3,output_kepek\3\1604_3.png
3,output_kepek\3\1605_3.png
3,output_kepek\3\1606_3.png
3,output_kepek\3\1607_3.png
3,output_kepek\3\1608_3.png
3,output_kepek\3\1609_3.png
1,output_kepek\1\160_1.png
3,output_kepek\3\1610_3.png
3,output_kepek\3\1611_3.png
3,output_kepek\3\1612_3.png
3,output_kepek\3\1613_3.png
3,output_kepek\3\1614_3.png
3,output_kepek\3\1615_3.png
3,output_kepek\3\1616_3.png
3,output_kepek\3\1617_3.png
3,output_kepek\3\1618_3.png
3,output_kepek\3\1619_3.png
1,output_kepek\1\161_1.png
3,output_kepek\3\1620_3.png
3,output_kepek\3\1621_3.png
3,output_kepek\3\1622_3.png
3,output_kepek\3\1623_3.png
3,output_kepek\3\1624_3.png
3,output_kepek\3\1625_3.png
3,output_kepek\3\1626_3.png
3,output_kepek\3\1627_3.png
3,output_kepek\3\1628_3.png
3,output_kepek\3\1629_3.png
1,output_kepek\1\162_1.png
3,output_kepek\3\1630_3.png
3,output_kepek\3\1631_3.png
3,output_kepek\3\1632_3.png
3,output_kepek\3\1633_3.png
3,output_kepek\3\1634_3.png
3,output_kepek\3\1635_3.png
3,output_kepek\3\1636_3.png
3,output_kepek\3\1637_3.png
3,output_kepek\3\1638_3.png
3,output_kepek\3\1639_3.png
1,output_kepek\1\163_1.png
3,output_kepek\3\1640_3.png
3,output_kepek\3\1641_3.png
3,output_kepek\3\1642_3.png
3,output_kepek\3\1643_3.png
3,output_kepek\3\1644_3.png
3,output_kepek\3\1645_3.png
3,output_kepek\3\1646_3.png
3,output_kepek\3\1647_3.png
3,output_kepek\3\1648_3.png
3,output_kepek\3\1649_3.png
1,output_kepek\1\164_1.png
3,output_kepek\3\1650_3.png
3,output_kepek\3\1651_3.png
3,output_kepek\3\1652_3.png
3,output_kepek\3\1653_3.png
3,output_kepek\3\1654_3.png
3,output_kepek\3\1655_3.png
3,output_kepek\3\1656_3.png
3,output_kepek\3\1657_3.png
3,output_kepek\3\1658_3.png
3,output_kepek\3\1659_3.png
1,output_kepek\1\165_1.png
3,output_kepek\3\1660_3.png
3,output_kepek\3\1661_3.png
3,output_kepek\3\1662_3.png
3,output_kepek\3\1663_3.png
3,output_kepek\3\1664_3.png
3,output_kepek\3\1665_3.png
3,output_kepek\3\1666_3.png
3,output_kepek\3\1667_3.png
3,output_kepek\3\1668_3.png
3,output_kepek\3\1669_3.png
1,output_kepek\1\166_1.png
3,output_kepek\3\1670_3.png
3,output_kepek\3\1671_3.png
3,output_kepek\3\1672_3.png
3,output_kepek\3\1673_3.png
3,output_kepek\3\1674_3.png
3,output_kepek\3\1675_3.png
3,output_kepek\3\1676_3.png
3,output_kepek\3\1677_3.png
3,output_kepek\3\1678_3.png
3,output_kepek\3\1679_3.png
1,output_kepek\1\167_1.png
3,output_kepek\3\1680_3.png
3,output_kepek\3\1681_3.png
3,output_kepek\3\1682_3.png
3,output_kepek\3\1683_3.png
3,output_kepek\3\1684_3.png
3,output_kepek\3\1685_3.png
3,output_kepek\3\1686_3.png
3,output_kepek\3\1687_3.png
3,output_kepek\3\1688_3.png
3,output_kepek\3\1689_3.png
1,output_kepek\1\168_1.png
3,output_kepek\3\1690_3.png
3,output_kepek\3\1691_3.png
3,output_kepek\3\1692_3.png
3,output_kepek\3\1693_3.png
3,output_kepek\3\1694_3.png
3,output_kepek\3\1695_3.png
3,output_kepek\3\1696_3.png
3,output_kepek\3\1697_3.png
3,output_kepek\3\1698_3.png
3,output_kepek\3\1699_3.png
1,output_kepek\1\169_1.png
1,output_kepek\1\16_1.png
3,output_kepek\3\1700_3.png
3,output_kepek\3\1701_3.png
3,output_kepek\3\1702_3.png
3,output_kepek\3\1703_3.png
3,output_kepek\3\1704_3.png
3,output_kepek\3\1705_3.png
3,output_kepek\3\1706_3.png
3,output_kepek\3\1707_3.png
3,output_kepek\3\1708_3.png
3,output_kepek\3\1709_3.png
1,output_kepek\1\170_1.png
3,output_kepek\3\1710_3.png
3,output_kepek\3\1711_3.png
3,output_kepek\3\1712_3.png
3,output_kepek\3\1713_3.png
3,output_kepek\3\1714_3.png
3,output_kepek\3\1715_3.png
3,output_kepek\3\1716_3.png
3,output_kepek\3\1717_3.png
3,output_kepek\3\1718_3.png
3,output_kepek\3\1719_3.png
1,output_kepek\1\171_1.png
3,output_kepek\3\1720_3.png
3,output_kepek\3\1721_3.png
3,output_kepek\3\1722_3.png
3,output_kepek\3\1723_3.png
3,output_kepek\3\1724_3.png
3,output_kepek\3\1725_3.png
3,output_kepek\3\1726_3.png
3,output_kepek\3\1727_3.png
3,output_kepek\3\1728_3.png
3,output_kepek\3\1729_3.png
1,output_kepek\1\172_1.png
3,output_kepek\3\1730_3.png
3,output_kepek\3\1731_3.png
3,output_kepek\3\1732_3.png
3,output_kepek\3\1733_3.png
3,output_kepek\3\1734_3.png
3,output_kepek\3\1735_3.png
3,output_kepek\3\1736_3.png
3,output_kepek\3\1737_3.png
3,output_kepek\3\1738_3.png
3,output_kepek\3\1739_3.png
1,output_kepek\1\173_1.png
3,output_kepek\3\1740_3.png
3,output_kepek\3\1741_3.png
3,output_kepek\3\1742_3.png
3,output_kepek\3\1743_3.png
3,output_kepek\3\1744_3.png
3,output_kepek\3\1745_3.png
3,output_kepek\3\1746_3.png
3,output_kepek\3\1747_3.png
3,output_kepek\3\1748_3.png
3,output_kepek\3\1749_3.png
1,output_kepek\1\174_1.png
3,output_kepek\3\1750_3.png
3,output_kepek\3\1751_3.png
3,output_kepek\3\1752_3.png
3,output_kepek\3\1753_3.png
3,output_kepek\3\1754_3.png
3,output_kepek\3\1755_3.png
3,output_kepek\3\1756_3.png
3,output_kepek\3\1757_3.png
3,output_kepek\3\1758_3.png
3,output_kepek\3\1759_3.png
1,output_kepek\1\175_1.png
3,output_kepek\3\1760_3.png
3,output_kepek\3\1761_3.png
3,output_kepek\3\1762_3.png
3,output_kepek\3\1763_3.png
3,output_kepek\3\1764_3.png
3,output_kepek\3\1765_3.png
3,output_kepek\3\1766_3.png
3,output_kepek\3\1767_3.png
3,output_kepek\3\1768_3.png
3,output_kepek\3\1769_3.png
1,output_kepek\1\176_1.png
3,output_kepek\3\1770_3.png
3,output_kepek\3\1771_3.png
3,output_kepek\3\1772_3.png
3,output_kepek\3\1773_3.png
3,output_kepek\3\1774_3.png
3,output_kepek\3\1775_3.png
3,output_kepek\3\1776_3.png
3,output_kepek\3\1777_3.png
3,output_kepek\3\1778_3.png
3,output_kepek\3\1779_3.png
1,output_kepek\1\177_1.png
3,output_kepek\3\1780_3.png
3,output_kepek\3\1781_3.png
3,output_kepek\3\1782_3.png
3,output_kepek\3\1783_3.png
3,output_kepek\3\1784_3.png
3,output_kepek\3\1785_3.png
3,output_kepek\3\1786_3.png
3,output_kepek\3\1787_3.png
3,output_kepek\3\1788_3.png
3,output_kepek\3\1789_3.png
1,output_kepek\1\178_1.png
3,output_kepek\3\1790_3.png
3,output_kepek\3\1791_3.png
3,output_kepek\3\1792_3.png
3,output_kepek\3\1793_3.png
3,output_kepek\3\1794_3.png
3,output_kepek\3\1795_3.png
3,output_kepek\3\1796_3.png
3,output_kepek\3\1797_3.png
3,output_kepek\3\1798_3.png
3,output_kepek\3\1799_3.png
1,output_kepek\1\179_1.png
1,output_kepek\1\17_1.png
3,output_kepek\3\1800_3.png
3,output_kepek\3\1801_3.png
3,output_kepek\3\1802_3.png
3,output_kepek\3\1803_3.png
3,output_kepek\3\1804_3.png
3,output_kepek\3\1805_3.png
3,output_kepek\3\1806_3.png
3,output_kepek\3\1807_3.png
3,output_kepek\3\1808_3.png
3,output_kepek\3\1809_3.png
1,output_kepek\1\180_1.png
3,output_kepek\3\1810_3.png
3,output_kepek\3\1811_3.png
3,output_kepek\3\1812_3.png
3,output_kepek\3\1813_3.png
3,output_kepek\3\1814_3.png
3,output_kepek\3\1815_3.png
3,output_kepek\3\1816_3.png
3,output_kepek\3\1817_3.png
3,output_kepek\3\1818_3.png
3,output_kepek\3\1819_3.png
1,output_kepek\1\181_1.png
3,output_kepek\3\1820_3.png
3,output_kepek\3\1821_3.png
3,output_kepek\3\1822_3.png
3,output_kepek\3\1823_3.png
3,output_kepek\3\1824_3.png
3,output_kepek\3\1825_3.png
3,output_kepek\3\1826_3.png
3,output_kepek\3\1827_3.png
3,output_kepek\3\1828_3.png
3,output_kepek\3\1829_3.png
1,output_kepek\1\182_1.png
3,output_kepek\3\1830_3.png
3,output_kepek\3\1831_3.png
3,output_kepek\3\1832_3.png
3,output_kepek\3\1833_3.png
3,output_kepek\3\1834_3.png
3,output_kepek\3\1835_3.png
3,output_kepek\3\1836_3.png
3,output_kepek\3\1837_3.png
3,output_kepek\3\1838_3.png
3,output_kepek\3\1839_3.png
1,output_kepek\1\183_1.png
3,output_kepek\3\1840_3.png
2,output_kepek\2\1841_2.png
2,output_kepek\2\1842_2.png
2,output_kepek\2\1843_2.png
2,output_kepek\2\1844_2.png
2,output_kepek\2\1845_2.png
2,output_kepek\2\1846_2.png
2,output_kepek\2\1847_2.png
2,output_kepek\2\1848_2.png
2,output_kepek\2\1849_2.png
1,output_kepek\1\184_1.png
2,output_kepek\2\1850_2.png
2,output_kepek\2\1851_2.png
2,output_kepek\2\1852_2.png
2,output_kepek\2\1853_2.png
2,output_kepek\2\1854_2.png
2,output_kepek\2\1855_2.png
2,output_kepek\2\1856_2.png
2,output_kepek\2\1857_2.png
2,output_kepek\2\1858_2.png
2,output_kepek\2\1859_2.png
1,output_kepek\1\185_1.png
2,output_kepek\2\1860_2.png
2,output_kepek\2\1861_2.png
2,output_kepek\2\1862_2.png
2,output_kepek\2\1863_2.png
2,output_kepek\2\1864_2.png
2,output_kepek\2\1865_2.png
2,output_kepek\2\1866_2.png
2,output_kepek\2\1867_2.png
2,output_kepek\2\1868_2.png
2,output_kepek\2\1869_2.png
1,output_kepek\1\186_1.png
2,output_kepek\2\1870_2.png
2,output_kepek\2\1871_2.png
2,output_kepek\2\1872_2.png
2,output_kepek\2\1873_2.png
2,output_kepek\2\1874_2.png
2,output_kepek\2\1875_2.png
2,output_kepek\2\1876_2.png
2,output_kepek\2\1877_2.png
2,output_kepek\2\1878_2.png
2,output_kepek\2\1879_2.png
1,output_kepek\1\187_1.png
2,output_kepek\2\1880_2.png
2,output_kepek\2\1881_2.png
2,output_kepek\2\1882_2.png
2,output_kepek\2\1883_2.png
2,output_kepek\2\1884_2.png
2,output_kepek\2\1885_2.png
2,output_kepek\2\1886_2.png
2,output_kepek\2\1887_2.png
2,output_kepek\2\1888_2.png
2,output_kepek\2\1889_2.png
1,output_kepek\1\188_1.png
2,output_kepek\2\1890_2.png
2,output_kepek\2\1891_2.png
2,output_kepek\2\1892_2.png
2,output_kepek\2\1893_2.png
2,output_kepek\2\1894_2.png
2,output_kepek\2\1895_2.png
2,output_kepek\2\1896_2.png
2,output_kepek\2\1897_2.png
2,output_kepek\2\1898_2.png
2,output_kepek\2\1899_2.png
1,output_kepek\1\189_1.png
1,output_kepek\1\18_1.png
2,output_kepek\2\1900_2.png
2,output_kepek\2\1901_2.png
2,output_kepek\2\1902_2.png
2,output_kepek\2\1903_2.png
2,output_kepek\2\1904_2.png
2,output_kepek\2\1905_2.png
2,output_kepek\2\1906_2.png
2,output_kepek\2\1907_2.png
2,output_kepek\2\1908_2.png
2,output_kepek\2\1909_2.png
1,output_kepek\1\190_1.png
2,output_kepek\2\1910_2.png
2,output_kepek\2\1911_2.png
2,output_kepek\2\1912_2.png
2,output_kepek\2\1913_2.png
2,output_kepek\2\1914_2.png
2,output_kepek\2\1915_2.png
2,output_kepek\2\1916_2.png
2,output_kepek\2\1917_2.png
2,output_kepek\2\1918_2.png
2,output_kepek\2\1919_2.png
1,output_kepek\1\191_1.png
2,output_kepek\2\1920_2.png
2,output_kepek\2\1921_2.png
2,output_kepek\2\1922_2.png
2,output_kepek\2\1923_2.png
2,output_kepek\2\1924_2.png
2,output_kepek\2\1925_2.png
2,output_kepek\2\1926_2.png
2,output_kepek\2\1927_2.png
2,output_kepek\2\1928_2.png
2,output_kepek\2\1929_2.png
1,output_kepek\1\192_1.png
2,output_kepek\2\1930_2.png
2,output_kepek\2\1931_2.png
2,output_kepek\2\1932_2.png
2,output_kepek\2\1933_2.png
2,output_kepek\2\1934_2.png
2,output_kepek\2\1935_2.png
2,output_kepek\2\1936_2.png
2,output_kepek\2\1937_2.png
2,output_kepek\2\1938_2.png
2,output_kepek\2\1939_2.png
1,output_kepek\1\193_1.png
2,output_kepek\2\1940_2.png
2,output_kepek\2\1941_2.png
2,output_kepek\2\1942_2.png
2,output_kepek\2\1943_2.png
2,output_kepek\2\1944_2.png
2,output_kepek\2\1945_2.png
2,output_kepek\2\1946_2.png
2,output_kepek\2\1947_2.png
2,output_kepek\2\1948_2.png
2,output_kepek\2\1949_2.png
1,output_kepek\1\194_1.png
2,output_kepek\2\1950_2.png
2,output_kepek\2\1951_2.png
2,output_kepek\2\1952_2.png
2,output_kepek\2\1953_2.png
2,output_kepek\2\1954_2.png
2,output_kepek\2\1955_2.png
2,output_kepek\2\1956_2.png
2,output_kepek\2\1957_2.png
2,output_kepek\2\1958_2.png
2,output_kepek\2\1959_2.png
1,output_kepek\1\195_1.png
2,output_kepek\2\1960_2.png
2,output_kepek\2\1961_2.png
2,output_kepek\2\1962_2.png
2,output_kepek\2\1963_2.png
2,output_kepek\2\1964_2.png
2,output_kepek\2\1965_2.png
2,output_kepek\2\1966_2.png
2,output_kepek\2\1967_2.png
2,output_kepek\2\1968_2.png
2,output_kepek\2\1969_2.png
1,output_kepek\1\196_1.png
2,output_kepek\2\1970_2.png
2,output_kepek\2\1971_2.png
2,output_kepek\2\1972_2.png
2,output_kepek\2\1973_2.png
2,output_kepek\2\1974_2.png
2,output_kepek\2\1975_2.png
2,output_kepek\2\1976_2.png
2,output_kepek\2\1977_2.png
2,output_kepek\2\1978_2.png
2,output_kepek\2\1979_2.png
1,output_kepek\1\197_1.png
2,output_kepek\2\1980_2.png
2,output_kepek\2\1981_2.png
2,output_kepek\2\1982_2.png
2,output_kepek\2\1983_2.png
2,output_kepek\2\1984_2.png
2,output_kepek\2\1985_2.png
2,output_kepek\2\1986_2.png
2,output_kepek\2\1987_2.png
2,output_kepek\2\1988_2.png
2,output_kepek\2\1989_2.png
1,output_kepek\1\198_1.png
2,output_kepek\2\1990_2.png
2,output_kepek\2\1991_2.png
2,output_kepek\2\1992_2.png
2,output_kepek\2\1993_2.png
2,output_kepek\2\1994_2.png
2,output_kepek\2\1995_2.png
2,output_kepek\2\1996_2.png
2,output_kepek\2\1997_2.png
2,output_kepek\2\1998_2.png
2,output_kepek\2\1999_2.png
1,output_kepek\1\199_1.png
1,output_kepek\1\19_1.png
1,output_kepek\1\1_1.png
2,output_kepek\2\2000_2.png
2,output_kepek\2\2001_2.png
2,output_kepek\2\2002_2.png
2,output_kepek\2\2003_2.png
2,output_kepek\2\2004_2.png
2,output_kepek\2\2005_2.png
2,output_kepek\2\2006_2.png
2,output_kepek\2\2007_2.png
2,output_kepek\2\2008_2.png
2,output_kepek\2\2009_2.png
1,output_kepek\1\200_1.png
2,output_kepek\2\2010_2.png
2,output_kepek\2\2011_2.png
2,output_kepek\2\2012_2.png
2,output_kepek\2\2013_2.png
2,output_kepek\2\2014_2.png
2,output_kepek\2\2015_2.png
2,output_kepek\2\2016_2.png
2,output_kepek\2\2017_2.png
2,output_kepek\2\2018_2.png
2,output_kepek\2\2019_2.png
1,output_kepek\1\201_1.png
2,output_kepek\2\2020_2.png
2,output_kepek\2\2021_2.png
2,output_kepek\2\2022_2.png
2,output_kepek\2\2023_2.png
2,output_kepek\2\2024_2.png
2,output_kepek\2\2025_2.png
2,output_kepek\2\2026_2.png
2,output_kepek\2\2027_2.png
2,output_kepek\2\2028_2.png
2,output_kepek\2\2029_2.png
1,output_kepek\1\202_1.png
2,output_kepek\2\2030_2.png
2,output_kepek\2\2031_2.png
2,output_kepek\2\2032_2.png
2,output_kepek\2\2033_2.png
2,output_kepek\2\2034_2.png
2,output_kepek\2\2035_2.png
2,output_kepek\2\2036_2.png
2,output_kepek\2\2037_2.png
2,output_kepek\2\2038_2.png
2,output_kepek\2\2039_2.png
1,output_kepek\1\203_1.png
2,output_kepek\2\2040_2.png
2,output_kepek\2\2041_2.png
2,output_kepek\2\2042_2.png
2,output_kepek\2\2043_2.png
2,output_kepek\2\2044_2.png
2,output_kepek\2\2045_2.png
2,output_kepek\2\2046_2.png
2,output_kepek\2\2047_2.png
2,output_kepek\2\2048_2.png
2,output_kepek\2\2049_2.png
1,output_kepek\1\204_1.png
2,output_kepek\2\2050_2.png
2,output_kepek\2\2051_2.png
2,output_kepek\2\2052_2.png
2,output_kepek\2\2053_2.png
2,output_kepek\2\2054_2.png
2,output_kepek\2\2055_2.png
2,output_kepek\2\2056_2.png
2,output_kepek\2\2057_2.png
2,output_kepek\2\2058_2.png
2,output_kepek\2\2059_2.png
1,output_kepek\1\205_1.png
2,output_kepek\2\2060_2.png
2,output_kepek\2\2061_2.png
2,output_kepek\2\2062_2.png
2,output_kepek\2\2063_2.png
2,output_kepek\2\2064_2.png
2,output_kepek\2\2065_2.png
2,output_kepek\2\2066_2.png
2,output_kepek\2\2067_2.png
2,output_kepek\2\2068_2.png
2,output_kepek\2\2069_2.png
1,output_kepek\1\206_1.png
2,output_kepek\2\2070_2.png
2,output_kepek\2\2071_2.png
2,output_kepek\2\2072_2.png
2,output_kepek\2\2073_2.png
2,output_kepek\2\2074_2.png
2,output_kepek\2\2075_2.png
2,output_kepek\2\2076_2.png
2,output_kepek\2\2077_2.png
2,output_kepek\2\2078_2.png
2,output_kepek\2\2079_2.png
1,output_kepek\1\207_1.png
2,output_kepek\2\2080_2.png
2,output_kepek\2\2081_2.png
2,output_kepek\2\2082_2.png
2,output_kepek\2\2083_2.png
2,output_kepek\2\2084_2.png
2,output_kepek\2\2085_2.png
2,output_kepek\2\2086_2.png
2,output_kepek\2\2087_2.png
2,output_kepek\2\2088_2.png
2,output_kepek\2\2089_2.png
1,output_kepek\1\208_1.png
2,output_kepek\2\2090_2.png
2,output_kepek\2\2091_2.png
2,output_kepek\2\2092_2.png
2,output_kepek\2\2093_2.png
2,output_kepek\2\2094_2.png
2,output_kepek\2\2095_2.png
2,output_kepek\2\2096_2.png
2,output_kepek\2\2097_2.png
2,output_kepek\2\2098_2.png
2,output_kepek\2\2099_2.png
2,output_kepek\2\209_2.png
1,output_kepek\1\20_1.png
2,output_kepek\2\2100_2.png
2,output_kepek\2\2101_2.png
2,output_kepek\2\2102_2.png
2,output_kepek\2\2103_2.png
2,output_kepek\2\2104_2.png
2,output_kepek\2\2105_2.png
2,output_kepek\2\2106_2.png
2,output_kepek\2\2107_2.png
2,output_kepek\2\2108_2.png
2,output_kepek\2\2109_2.png
2,output_kepek\2\210_2.png
2,output_kepek\2\2110_2.png
2,output_kepek\2\2111_2.png
2,output_kepek\2\2112_2.png
2,output_kepek\2\2113_2.png
2,output_kepek\2\2114_2.png
2,output_kepek\2\2115_2.png
2,output_kepek\2\2116_2.png
2,output_kepek\2\2117_2.png
2,output_kepek\2\2118_2.png
2,output_kepek\2\2119_2.png
1,output_kepek\1\211_1.png
2,output_kepek\2\2120_2.png
2,output_kepek\2\2121_2.png
2,output_kepek\2\2122_2.png
2,output_kepek\2\2123_2.png
2,output_kepek\2\2124_2.png
2,output_kepek\2\2125_2.png
2,output_kepek\2\2126_2.png
2,output_kepek\2\2127_2.png
2,output_kepek\2\2128_2.png
2,output_kepek\2\2129_2.png
1,output_kepek\1\212_1.png
2,output_kepek\2\2130_2.png
2,output_kepek\2\2131_2.png
2,output_kepek\2\2132_2.png
2,output_kepek\2\2133_2.png
2,output_kepek\2\2134_2.png
2,output_kepek\2\2135_2.png
2,output_kepek\2\2136_2.png
2,output_kepek\2\2137_2.png
2,output_kepek\2\2138_2.png
2,output_kepek\2\2139_2.png
1,output_kepek\1\213_1.png
2,output_kepek\2\2140_2.png
2,output_kepek\2\2141_2.png
2,output_kepek\2\2142_2.png
2,output_kepek\2\2143_2.png
2,output_kepek\2\2144_2.png
2,output_kepek\2\2145_2.png
2,output_kepek\2\2146_2.png
2,output_kepek\2\2147_2.png
2,output_kepek\2\2148_2.png
2,output_kepek\2\2149_2.png
1,output_kepek\1\214_1.png
2,output_kepek\2\2150_2.png
2,output_kepek\2\2151_2.png
2,output_kepek\2\2152_2.png
2,output_kepek\2\2153_2.png
2,output_kepek\2\2154_2.png
2,output_kepek\2\2155_2.png
2,output_kepek\2\2156_2.png
2,output_kepek\2\2157_2.png
2,output_kepek\2\2158_2.png
2,output_kepek\2\2159_2.png
1,output_kepek\1\215_1.png
2,output_kepek\2\2160_2.png
2,output_kepek\2\2161_2.png
2,output_kepek\2\2162_2.png
2,output_kepek\2\2163_2.png
2,output_kepek\2\2164_2.png
2,output_kepek\2\2165_2.png
2,output_kepek\2\2166_2.png
2,output_kepek\2\2167_2.png
2,output_kepek\2\2168_2.png
2,output_kepek\2\2169_2.png
1,output_kepek\1\216_1.png
2,output_kepek\2\2170_2.png
2,output_kepek\2\2171_2.png
2,output_kepek\2\2172_2.png
2,output_kepek\2\2173_2.png
2,output_kepek\2\2174_2.png
2,output_kepek\2\2175_2.png
2,output_kepek\2\2176_2.png
2,output_kepek\2\2177_2.png
2,output_kepek\2\2178_2.png
2,output_kepek\2\2179_2.png
1,output_kepek\1\217_1.png
2,output_kepek\2\2180_2.png
2,output_kepek\2\2181_2.png
2,output_kepek\2\2182_2.png
2,output_kepek\2\2183_2.png
2,output_kepek\2\2184_2.png
2,output_kepek\2\2185_2.png
2,output_kepek\2\2186_2.png
2,output_kepek\2\2187_2.png
2,output_kepek\2\2188_2.png
2,output_kepek\2\2189_2.png
1,output_kepek\1\218_1.png
2,output_kepek\2\2190_2.png
2,output_kepek\2\2191_2.png
2,output_kepek\2\2192_2.png
2,output_kepek\2\2193_2.png
2,output_kepek\2\2194_2.png
2,output_kepek\2\2195_2.png
2,output_kepek\2\2196_2.png
2,output_kepek\2\2197_2.png
2,output_kepek\2\2198_2.png
2,output_kepek\2\2199_2.png
1,output_kepek\1\219_1.png
1,output_kepek\1\21_1.png
2,output_kepek\2\2200_2.png
2,output_kepek\2\2201_2.png
2,output_kepek\2\2202_2.png
2,output_kepek\2\2203_2.png
2,output_kepek\2\2204_2.png
2,output_kepek\2\2205_2.png
2,output_kepek\2\2206_2.png
2,output_kepek\2\2207_2.png
2,output_kepek\2\2208_2.png
2,output_kepek\2\2209_2.png
1,output_kepek\1\220_1.png
2,output_kepek\2\2210_2.png
2,output_kepek\2\2211_2.png
2,output_kepek\2\2212_2.png
2,output_kepek\2\2213_2.png
2,output_kepek\2\2214_2.png
2,output_kepek\2\2215_2.png
2,output_kepek\2\2216_2.png
2,output_kepek\2\2217_2.png
2,output_kepek\2\2218_2.png
2,output_kepek\2\2219_2.png
1,output_kepek\1\221_1.png
2,output_kepek\2\2220_2.png
2,output_kepek\2\2221_2.png
2,output_kepek\2\2222_2.png
2,output_kepek\2\2223_2.png
2,output_kepek\2\2224_2.png
2,output_kepek\2\2225_2.png
2,output_kepek\2\2226_2.png
2,output_kepek\2\2227_2.png
2,output_kepek\2\2228_2.png
2,output_kepek\2\2229_2.png
1,output_kepek\1\222_1.png
2,output_kepek\2\2230_2.png
2,output_kepek\2\2231_2.png
2,output_kepek\2\2232_2.png
2,output_kepek\2\2233_2.png
2,output_kepek\2\2234_2.png
2,output_kepek\2\2235_2.png
2,output_kepek\2\2236_2.png
2,output_kepek\2\2237_2.png
2,output_kepek\2\2238_2.png
2,output_kepek\2\2239_2.png
1,output_kepek\1\223_1.png
2,output_kepek\2\2240_2.png
2,output_kepek\2\2241_2.png
2,output_kepek\2\2242_2.png
2,output_kepek\2\2243_2.png
2,output_kepek\2\2244_2.png
2,output_kepek\2\2245_2.png
2,output_kepek\2\2246_2.png
2,output_kepek\2\2247_2.png
2,output_kepek\2\2248_2.png
2,output_kepek\2\2249_2.png
1,output_kepek\1\224_1.png
2,output_kepek\2\2250_2.png
2,output_kepek\2\2251_2.png
2,output_kepek\2\2252_2.png
2,output_kepek\2\2253_2.png
2,output_kepek\2\2254_2.png
2,output_kepek\2\2255_2.png
2,output_kepek\2\2256_2.png
2,output_kepek\2\2257_2.png
2,output_kepek\2\2258_2.png
2,output_kepek\2\2259_2.png
1,output_kepek\1\225_1.png
2,output_kepek\2\2260_2.png
2,output_kepek\2\2261_2.png
2,output_kepek\2\2262_2.png
2,output_kepek\2\2263_2.png
2,output_kepek\2\2264_2.png
2,output_kepek\2\2265_2.png
2,output_kepek\2\2266_2.png
2,output_kepek\2\2267_2.png
2,output_kepek\2\2268_2.png
2,output_kepek\2\2269_2.png
1,output_kepek\1\226_1.png
2,output_kepek\2\2270_2.png
2,output_kepek\2\2271_2.png
2,output_kepek\2\2272_2.png
2,output_kepek\2\2273_2.png
2,output_kepek\2\2274_2.png
2,output_kepek\2\2275_2.png
2,output_kepek\2\2276_2.png
2,output_kepek\2\2277_2.png
2,output_kepek\2\2278_2.png
2,output_kepek\2\2279_2.png
1,output_kepek\1\227_1.png
2,output_kepek\2\2280_2.png
2,output_kepek\2\2281_2.png
2,output_kepek\2\2282_2.png
2,output_kepek\2\2283_2.png
2,output_kepek\2\2284_2.png
2,output_kepek\2\2285_2.png
2,output_kepek\2\2286_2.png
2,output_kepek\2\2287_2.png
2,output_kepek\2\2288_2.png
2,output_kepek\2\2289_2.png
1,output_kepek\1\228_1.png
2,output_kepek\2\2290_2.png
2,output_kepek\2\2291_2.png
2,output_kepek\2\2292_2.png
2,output_kepek\2\2293_2.png
2,output_kepek\2\2294_2.png
2,output_kepek\2\2295_2.png
2,output_kepek\2\2296_2.png
2,output_kepek\2\2297_2.png
2,output_kepek\2\2298_2.png
2,output_kepek\2\2299_2.png
1,output_kepek\1\229_1.png
1,output_kepek\1\22_1.png
2,output_kepek\2\2300_2.png
2,output_kepek\2\2301_2.png
2,output_kepek\2\2302_2.png
2,output_kepek\2\2303_2.png
2,output_kepek\2\2304_2.png
2,output_kepek\2\2305_2.png
2,output_kepek\2\2306_2.png
2,output_kepek\2\2307_2.png
2,output_kepek\2\2308_2.png
2,output_kepek\2\2309_2.png
1,output_kepek\1\230_1.png
2,output_kepek\2\2310_2.png
2,output_kepek\2\2311_2.png
2,output_kepek\2\2312_2.png
2,output_kepek\2\2313_2.png
2,output_kepek\2\2314_2.png
2,output_kepek\2\2315_2.png
2,output_kepek\2\2316_2.png
2,output_kepek\2\2317_2.png
2,output_kepek\2\2318_2.png
2,output_kepek\2\2319_2.png
1,output_kepek\1\231_1.png
2,output_kepek\2\2320_2.png
2,output_kepek\2\2321_2.png
2,output_kepek\2\2322_2.png
2,output_kepek\2\2323_2.png
2,output_kepek\2\2324_2.png
2,output_kepek\2\2325_2.png
2,output_kepek\2\2326_2.png
2,output_kepek\2\2327_2.png
2,output_kepek\2\2328_2.png
2,output_kepek\2\2329_2.png
1,output_kepek\1\232_1.png
2,output_kepek\2\2330_2.png
2,output_kepek\2\2331_2.png
2,output_kepek\2\2332_2.png
2,output_kepek\2\2333_2.png
2,output_kepek\2\2334_2.png
2,output_kepek\2\2335_2.png
2,output_kepek\2\2336_2.png
2,output_kepek\2\2337_2.png
2,output_kepek\2\2338_2.png
2,output_kepek\2\2339_2.png
1,output_kepek\1\233_1.png
2,output_kepek\2\2340_2.png
2,output_kepek\2\2341_2.png
2,output_kepek\2\2342_2.png
2,output_kepek\2\2343_2.png
2,output_kepek\2\2344_2.png
2,output_kepek\2\2345_2.png
2,output_kepek\2\2346_2.png
2,output_kepek\2\2347_2.png
2,output_kepek\2\2348_2.png
2,output_kepek\2\2349_2.png
1,output_kepek\1\234_1.png
2,output_kepek\2\2350_2.png
2,output_kepek\2\2351_2.png
2,output_kepek\2\2352_2.png
2,output_kepek\2\2353_2.png
2,output_kepek\2\2354_2.png
2,output_kepek\2\2355_2.png
2,output_kepek\2\2356_2.png
2,output_kepek\2\2357_2.png
2,output_kepek\2\2358_2.png
2,output_kepek\2\2359_2.png
1,output_kepek\1\235_1.png
2,output_kepek\2\2360_2.png
2,output_kepek\2\2361_2.png
2,output_kepek\2\2362_2.png
2,output_kepek\2\2363_2.png
2,output_kepek\2\2364_2.png
2,output_kepek\2\2365_2.png
2,output_kepek\2\2366_2.png
2,output_kepek\2\2367_2.png
2,output_kepek\2\2368_2.png
2,output_kepek\2\2369_2.png
1,output_kepek\1\236_1.png
2,output_kepek\2\2370_2.png
2,output_kepek\2\2371_2.png
2,output_kepek\2\2372_2.png
2,output_kepek\2\2373_2.png
2,output_kepek\2\2374_2.png
2,output_kepek\2\2375_2.png
2,output_kepek\2\2376_2.png
2,output_kepek\2\2377_2.png
2,output_kepek\2\2378_2.png
2,output_kepek\2\2379_2.png
1,output_kepek\1\237_1.png
2,output_kepek\2\2380_2.png
2,output_kepek\2\2381_2.png
2,output_kepek\2\2382_2.png
2,output_kepek\2\2383_2.png
2,output_kepek\2\2384_2.png
2,output_kepek\2\2385_2.png
2,output_kepek\2\2386_2.png
2,output_kepek\2\2387_2.png
2,output_kepek\2\2388_2.png
2,output_kepek\2\2389_2.png
1,output_kepek\1\238_1.png
2,output_kepek\2\2390_2.png
2,output_kepek\2\2391_2.png
2,output_kepek\2\2392_2.png
2,output_kepek\2\2393_2.png
2,output_kepek\2\2394_2.png
2,output_kepek\2\2395_2.png
2,output_kepek\2\2396_2.png
2,output_kepek\2\2397_2.png
2,output_kepek\2\2398_2.png
2,output_kepek\2\2399_2.png
1,output_kepek\1\239_1.png
1,output_kepek\1\23_1.png
2,output_kepek\2\2400_2.png
2,output_kepek\2\2401_2.png
2,output_kepek\2\2402_2.png
2,output_kepek\2\2403_2.png
2,output_kepek\2\2404_2.png
2,output_kepek\2\2405_2.png
2,output_kepek\2\2406_2.png
2,output_kepek\2\2407_2.png
2,output_kepek\2\2408_2.png
2,output_kepek\2\2409_2.png
1,output_kepek\1\240_1.png
2,output_kepek\2\2410_2.png
2,output_kepek\2\2411_2.png
2,output_kepek\2\2412_2.png
2,output_kepek\2\2413_2.png
2,output_kepek\2\2414_2.png
2,output_kepek\2\2415_2.png
2,output_kepek\2\2416_2.png
2,output_kepek\2\2417_2.png
2,output_kepek\2\2418_2.png
2,output_kepek\2\2419_2.png
1,output_kepek\1\241_1.png
2,output_kepek\2\2420_2.png
2,output_kepek\2\2421_2.png
2,output_kepek\2\2422_2.png
2,output_kepek\2\2423_2.png
2,output_kepek\2\2424_2.png
2,output_kepek\2\2425_2.png
2,output_kepek\2\2426_2.png
2,output_kepek\2\2427_2.png
2,output_kepek\2\2428_2.png
2,output_kepek\2\2429_2.png
1,output_kepek\1\242_1.png
2,output_kepek\2\2430_2.png
2,output_kepek\2\2431_2.png
2,output_kepek\2\2432_2.png
2,output_kepek\2\2433_2.png
2,output_kepek\2\2434_2.png
2,output_kepek\2\2435_2.png
2,output_kepek\2\2436_2.png
2,output_kepek\2\2437_2.png
2,output_kepek\2\2438_2.png
2,output_kepek\2\2439_2.png
1,output_kepek\1\243_1.png
2,output_kepek\2\2440_2.png
2,output_kepek\2\2441_2.png
2,output_kepek\2\2442_2.png
2,output_kepek\2\2443_2.png
2,output_kepek\2\2444_2.png
2,output_kepek\2\2445_2.png
2,output_kepek\2\2446_2.png
2,output_kepek\2\2447_2.png
2,output_kepek\2\2448_2.png
2,output_kepek\2\2449_2.png
1,output_kepek\1\244_1.png
2,output_kepek\2\2450_2.png
2,output_kepek\2\2451_2.png
2,output_kepek\2\2452_2.png
2,output_kepek\2\2453_2.png
2,output_kepek\2\2454_2.png
2,output_kepek\2\2455_2.png
2,output_kepek\2\2456_2.png
2,output_kepek\2\2457_2.png
2,output_kepek\2\2458_2.png
2,output_kepek\2\2459_2.png
1,output_kepek\1\245_1.png
2,output_kepek\2\2460_2.png
2,output_kepek\2\2461_2.png
2,output_kepek\2\2462_2.png
2,output_kepek\2\2463_2.png
2,output_kepek\2\2464_2.png
2,output_kepek\2\2465_2.png
2,output_kepek\2\2466_2.png
2,output_kepek\2\2467_2.png
2,output_kepek\2\2468_2.png
2,output_kepek\2\2469_2.png
1,output_kepek\1\246_1.png
2,output_kepek\2\2470_2.png
2,output_kepek\2\2471_2.png
2,output_kepek\2\2472_2.png
2,output_kepek\2\2473_2.png
2,output_kepek\2\2474_2.png
2,output_kepek\2\2475_2.png
2,output_kepek\2\2476_2.png
2,output_kepek\2\2477_2.png
2,output_kepek\2\2478_2.png
2,output_kepek\2\2479_2.png
1,output_kepek\1\247_1.png
2,output_kepek\2\2480_2.png
2,output_kepek\2\2481_2.png
2,output_kepek\2\2482_2.png
2,output_kepek\2\2483_2.png
2,output_kepek\2\2484_2.png
2,output_kepek\2\2485_2.png
2,output_kepek\2\2486_2.png
2,output_kepek\2\2487_2.png
2,output_kepek\2\2488_2.png
2,output_kepek\2\2489_2.png
1,output_kepek\1\248_1.png
2,output_kepek\2\2490_2.png
2,output_kepek\2\2491_2.png
2,output_kepek\2\2492_2.png
2,output_kepek\2\2493_2.png
2,output_kepek\2\2494_2.png
2,output_kepek\2\2495_2.png
2,output_kepek\2\2496_2.png
2,output_kepek\2\2497_2.png
2,output_kepek\2\2498_2.png
2,output_kepek\2\2499_2.png
1,output_kepek\1\249_1.png
1,output_kepek\1\24_1.png
2,output_kepek\2\2500_2.png
2,output_kepek\2\2501_2.png
2,output_kepek\2\2502_2.png
2,output_kepek\2\2503_2.png
2,output_kepek\2\2504_2.png
2,output_kepek\2\2505_2.png
2,output_kepek\2\2506_2.png
2,output_kepek\2\2507_2.png
2,output_kepek\2\2508_2.png
2,output_kepek\2\2509_2.png
1,output_kepek\1\250_1.png
2,output_kepek\2\2510_2.png
2,output_kepek\2\2511_2.png
2,output_kepek\2\2512_2.png
2,output_kepek\2\2513_2.png
2,output_kepek\2\2514_2.png
2,output_kepek\2\2515_2.png
2,output_kepek\2\2516_2.png
2,output_kepek\2\2517_2.png
2,output_kepek\2\2518_2.png
2,output_kepek\2\2519_2.png
1,output_kepek\1\251_1.png
2,output_kepek\2\2520_2.png
2,output_kepek\2\2521_2.png
2,output_kepek\2\2522_2.png
2,output_kepek\2\2523_2.png
2,output_kepek\2\2524_2.png
2,output_kepek\2\2525_2.png
2,output_kepek\2\2526_2.png
2,output_kepek\2\2527_2.png
2,output_kepek\2\2528_2.png
2,output_kepek\2\2529_2.png
1,output_kepek\1\252_1.png
2,output_kepek\2\2530_2.png
2,output_kepek\2\2531_2.png
2,output_kepek\2\2532_2.png
2,output_kepek\2\2533_2.png
2,output_kepek\2\2534_2.png
2,output_kepek\2\2535_2.png
2,output_kepek\2\2536_2.png
2,output_kepek\2\2537_2.png
2,output_kepek\2\2538_2.png
2,output_kepek\2\2539_2.png
1,output_kepek\1\253_1.png
2,output_kepek\2\2540_2.png
2,output_kepek\2\2541_2.png
2,output_kepek\2\2542_2.png
2,output_kepek\2\2543_2.png
2,output_kepek\2\2544_2.png
2,output_kepek\2\2545_2.png
2,output_kepek\2\2546_2.png
2,output_kepek\2\2547_2.png
2,output_kepek\2\2548_2.png
2,output_kepek\2\2549_2.png
1,output_kepek\1\254_1.png
2,output_kepek\2\2550_2.png
2,output_kepek\2\2551_2.png
2,output_kepek\2\2552_2.png
2,output_kepek\2\2553_2.png
2,output_kepek\2\2554_2.png
2,output_kepek\2\2555_2.png
2,output_kepek\2\2556_2.png
2,output_kepek\2\2557_2.png
2,output_kepek\2\2558_2.png
2,output_kepek\2\2559_2.png
1,output_kepek\1\255_1.png
2,output_kepek\2\2560_2.png
2,output_kepek\2\2561_2.png
2,output_kepek\2\2562_2.png
2,output_kepek\2\2563_2.png
2,output_kepek\2\2564_2.png
2,output_kepek\2\2565_2.png
2,output_kepek\2\2566_2.png
2,output_kepek\2\2567_2.png
2,output_kepek\2\2568_2.png
2,output_kepek\2\2569_2.png
1,output_kepek\1\256_1.png
2,output_kepek\2\2570_2.png
2,output_kepek\2\2571_2.png
2,output_kepek\2\2572_2.png
2,output_kepek\2\2573_2.png
2,output_kepek\2\2574_2.png
2,output_kepek\2\2575_2.png
2,output_kepek\2\2576_2.png
2,output_kepek\2\2577_2.png
2,output_kepek\2\2578_2.png
2,output_kepek\2\2579_2.png
1,output_kepek\1\257_1.png
2,output_kepek\2\2580_2.png
2,output_kepek\2\2581_2.png
2,output_kepek\2\2582_2.png
2,output_kepek\2\2583_2.png
2,output_kepek\2\2584_2.png
2,output_kepek\2\2585_2.png
2,output_kepek\2\2586_2.png
2,output_kepek\2\2587_2.png
2,output_kepek\2\2588_2.png
2,output_kepek\2\2589_2.png
1,output_kepek\1\258_1.png
2,output_kepek\2\2590_2.png
2,output_kepek\2\2591_2.png
2,output_kepek\2\2592_2.png
2,output_kepek\2\2593_2.png
2,output_kepek\2\2594_2.png
2,output_kepek\2\2595_2.png
2,output_kepek\2\2596_2.png
2,output_kepek\2\2597_2.png
2,output_kepek\2\2598_2.png
2,output_kepek\2\2599_2.png
1,output_kepek\1\259_1.png
1,output_kepek\1\25_1.png
2,output_kepek\2\2600_2.png
2,output_kepek\2\2601_2.png
2,output_kepek\2\2602_2.png
2,output_kepek\2\2603_2.png
2,output_kepek\2\2604_2.png
2,output_kepek\2\2605_2.png
2,output_kepek\2\2606_2.png
2,output_kepek\2\2607_2.png
2,output_kepek\2\2608_2.png
2,output_kepek\2\2609_2.png
1,output_kepek\1\260_1.png
2,output_kepek\2\2610_2.png
2,output_kepek\2\2611_2.png
2,output_kepek\2\2612_2.png
2,output_kepek\2\2613_2.png
2,output_kepek\2\2614_2.png
2,output_kepek\2\2615_2.png
2,output_kepek\2\2616_2.png
2,output_kepek\2\2617_2.png
2,output_kepek\2\2618_2.png
2,output_kepek\2\2619_2.png
1,output_kepek\1\261_1.png
2,output_kepek\2\2620_2.png
2,output_kepek\2\2621_2.png
2,output_kepek\2\2622_2.png
2,output_kepek\2\2623_2.png
2,output_kepek\2\2624_2.png
2,output_kepek\2\2625_2.png
2,output_kepek\2\2626_2.png
2,output_kepek\2\2627_2.png
2,output_kepek\2\2628_2.png
2,output_kepek\2\2629_2.png
1,output_kepek\1\262_1.png
2,output_kepek\2\2630_2.png
2,output_kepek\2\2631_2.png
2,output_kepek\2\2632_2.png
2,output_kepek\2\2633_2.png
2,output_kepek\2\2634_2.png
2,output_kepek\2\2635_2.png
2,output_kepek\2\2636_2.png
2,output_kepek\2\2637_2.png
2,output_kepek\2\2638_2.png
2,output_kepek\2\2639_2.png
1,output_kepek\1\263_1.png
2,output_kepek\2\2640_2.png
2,output_kepek\2\2641_2.png
2,output_kepek\2\2642_2.png
2,output_kepek\2\2643_2.png
2,output_kepek\2\2644_2.png
2,output_kepek\2\2645_2.png
2,output_kepek\2\2646_2.png
2,output_kepek\2\2647_2.png
2,output_kepek\2\2648_2.png
2,output_kepek\2\2649_2.png
1,output_kepek\1\264_1.png
2,output_kepek\2\2650_2.png
2,output_kepek\2\2651_2.png
2,output_kepek\2\2652_2.png
2,output_kepek\2\2653_2.png
2,output_kepek\2\2654_2.png
2,output_kepek\2\2655_2.png
2,output_kepek\2\2656_2.png
2,output_kepek\2\2657_2.png
2,output_kepek\2\2658_2.png
2,output_kepek\2\2659_2.png
1,output_kepek\1\265_1.png
2,output_kepek\2\2660_2.png
2,output_kepek\2\2661_2.png
2,output_kepek\2\2662_2.png
2,output_kepek\2\2663_2.png
2,output_kepek\2\2664_2.png
2,output_kepek\2\2665_2.png
2,output_kepek\2\2666_2.png
2,output_kepek\2\2667_2.png
2,output_kepek\2\2668_2.png
2,output_kepek\2\2669_2.png
1,output_kepek\1\266_1.png
2,output_kepek\2\2670_2.png
2,output_kepek\2\2671_2.png
2,output_kepek\2\2672_2.png
2,output_kepek\2\2673_2.png
2,output_kepek\2\2674_2.png
2,output_kepek\2\2675_2.png
2,output_kepek\2\2676_2.png
2,output_kepek\2\2677_2.png
2,output_kepek\2\2678_2.png
2,output_kepek\2\2679_2.png
1,output_kepek\1\267_1.png
2,output_kepek\2\2680_2.png
2,output_kepek\2\2681_2.png
2,output_kepek\2\2682_2.png
2,output_kepek\2\2683_2.png
2,output_kepek\2\2684_2.png
2,output_kepek\2\2685_2.png
2,output_kepek\2\2686_2.png
2,output_kepek\2\2687_2.png
2,output_kepek\2\2688_2.png
2,output_kepek\2\2689_2.png
1,output_kepek\1\268_1.png
2,output_kepek\2\2690_2.png
2,output_kepek\2\2691_2.png
2,output_kepek\2\2692_2.png
2,output_kepek\2\2693_2.png
2,output_kepek\2\2694_2.png
2,output_kepek\2\2695_2.png
2,output_kepek\2\2696_2.png
2,output_kepek\2\2697_2.png
2,output_kepek\2\2698_2.png
2,output_kepek\2\2699_2.png
1,output_kepek\1\269_1.png
1,output_kepek\1\26_1.png
2,output_kepek\2\2700_2.png
2,output_kepek\2\2701_2.png
2,output_kepek\2\2702_2.png
2,output_kepek\2\2703_2.png
2,output_kepek\2\2704_2.png
2,output_kepek\2\2705_2.png
2,output_kepek\2\2706_2.png
2,output_kepek\2\2707_2.png
2,output_kepek\2\2708_2.png
2,output_kepek\2\2709_2.png
1,output_kepek\1\270_1.png
2,output_kepek\2\2710_2.png
2,output_kepek\2\2711_2.png
2,output_kepek\2\2712_2.png
2,output_kepek\2\2713_2.png
2,output_kepek\2\2714_2.png
2,output_kepek\2\2715_2.png
2,output_kepek\2\2716_2.png
2,output_kepek\2\2717_2.png
2,output_kepek\2\2718_2.png
2,output_kepek\2\2719_2.png
1,output_kepek\1\271_1.png
2,output_kepek\2\2720_2.png
2,output_kepek\2\2721_2.png
2,output_kepek\2\2722_2.png
2,output_kepek\2\2723_2.png
2,output_kepek\2\2724_2.png
2,output_kepek\2\2725_2.png
2,output_kepek\2\2726_2.png
2,output_kepek\2\2727_2.png
2,output_kepek\2\2728_2.png
2,output_kepek\2\2729_2.png
1,output_kepek\1\272_1.png
2,output_kepek\2\2730_2.png
2,output_kepek\2\2731_2.png
2,output_kepek\2\2732_2.png
2,output_kepek\2\2733_2.png
2,output_kepek\2\2734_2.png
2,output_kepek\2\2735_2.png
2,output_kepek\2\2736_2.png
2,output_kepek\2\2737_2.png
2,output_kepek\2\2738_2.png
2,output_kepek\2\2739_2.png
1,output_kepek\1\273_1.png
2,output_kepek\2\2740_2.png
2,output_kepek\2\2741_2.png
2,output_kepek\2\2742_2.png
2,output_kepek\2\2743_2.png
2,output_kepek\2\2744_2.png
2,output_kepek\2\2745_2.png
2,output_kepek\2\2746_2.png
2,output_kepek\2\2747_2.png
2,output_kepek\2\2748_2.png
2,output_kepek\2\2749_2.png
1,output_kepek\1\274_1.png
2,output_kepek\2\2750_2.png
2,output_kepek\2\2751_2.png
2,output_kepek\2\2752_2.png
2,output_kepek\2\2753_2.png
2,output_kepek\2\2754_2.png
2,output_kepek\2\2755_2.png
2,output_kepek\2\2756_2.png
2,output_kepek\2\2757_2.png
2,output_kepek\2\2758_2.png
2,output_kepek\2\2759_2.png
1,output_kepek\1\275_1.png
2,output_kepek\2\2760_2.png
2,output_kepek\2\2761_2.png
2,output_kepek\2\2762_2.png
2,output_kepek\2\2763_2.png
2,output_kepek\2\2764_2.png
2,output_kepek\2\2765_2.png
2,output_kepek\2\2766_2.png
2,output_kepek\2\2767_2.png
2,output_kepek\2\2768_2.png
2,output_kepek\2\2769_2.png
1,output_kepek\1\276_1.png
2,output_kepek\2\2770_2.png
2,output_kepek\2\2771_2.png
2,output_kepek\2\2772_2.png
2,output_kepek\2\2773_2.png
2,output_kepek\2\2774_2.png
2,output_kepek\2\2775_2.png
2,output_kepek\2\2776_2.png
2,output_kepek\2\2777_2.png
2,output_kepek\2\2778_2.png
2,output_kepek\2\2779_2.png
1,output_kepek\1\277_1.png
2,output_kepek\2\2780_2.png
2,output_kepek\2\2781_2.png
2,output_kepek\2\2782_2.png
2,output_kepek\2\2783_2.png
2,output_kepek\2\2784_2.png
2,output_kepek\2\2785_2.png
2,output_kepek\2\2786_2.png
2,output_kepek\2\2787_2.png
2,output_kepek\2\2788_2.png
2,output_kepek\2\2789_2.png
1,output_kepek\1\278_1.png
2,output_kepek\2\2790_2.png
2,output_kepek\2\2791_2.png
2,output_kepek\2\2792_2.png
2,output_kepek\2\2793_2.png
2,output_kepek\2\2794_2.png
2,output_kepek\2\2795_2.png
2,output_kepek\2\2796_2.png
2,output_kepek\2\2797_2.png
2,output_kepek\2\2798_2.png
2,output_kepek\2\2799_2.png
1,output_kepek\1\279_1.png
1,output_kepek\1\27_1.png
2,output_kepek\2\2800_2.png
2,output_kepek\2\2801_2.png
2,output_kepek\2\2802_2.png
2,output_kepek\2\2803_2.png
2,output_kepek\2\2804_2.png
2,output_kepek\2\2805_2.png
2,output_kepek\2\2806_2.png
2,output_kepek\2\2807_2.png
2,output_kepek\2\2808_2.png
2,output_kepek\2\2809_2.png
1,output_kepek\1\280_1.png
2,output_kepek\2\2810_2.png
2,output_kepek\2\2811_2.png
2,output_kepek\2\2812_2.png
2,output_kepek\2\2813_2.png
2,output_kepek\2\2814_2.png
2,output_kepek\2\2815_2.png
2,output_kepek\2\2816_2.png
2,output_kepek\2\2817_2.png
2,output_kepek\2\2818_2.png
2,output_kepek\2\2819_2.png
1,output_kepek\1\281_1.png
2,output_kepek\2\2820_2.png
2,output_kepek\2\2821_2.png
2,output_kepek\2\2822_2.png
2,output_kepek\2\2823_2.png
2,output_kepek\2\2824_2.png
2,output_kepek\2\2825_2.png
2,output_kepek\2\2826_2.png
2,output_kepek\2\2827_2.png
2,output_kepek\2\2828_2.png
2,output_kepek\2\2829_2.png
1,output_kepek\1\282_1.png
2,output_kepek\2\2830_2.png
2,output_kepek\2\2831_2.png
2,output_kepek\2\2832_2.png
2,output_kepek\2\2833_2.png
2,output_kepek\2\2834_2.png
2,output_kepek\2\2835_2.png
2,output_kepek\2\2836_2.png
2,output_kepek\2\2837_2.png
2,output_kepek\2\2838_2.png
2,output_kepek\2\2839_2.png
1,output_kepek\1\283_1.png
2,output_kepek\2\2840_2.png
2,output_kepek\2\2841_2.png
2,output_kepek\2\2842_2.png
2,output_kepek\2\2843_2.png
2,output_kepek\2\2844_2.png
2,output_kepek\2\2845_2.png
2,output_kepek\2\2846_2.png
2,output_kepek\2\2847_2.png
2,output_kepek\2\2848_2.png
2,output_kepek\2\2849_2.png
1,output_kepek\1\284_1.png
2,output_kepek\2\2850_2.png
2,output_kepek\2\2851_2.png
2,output_kepek\2\2852_2.png
2,output_kepek\2\2853_2.png
2,output_kepek\2\2854_2.png
2,output_kepek\2\2855_2.png
2,output_kepek\2\2856_2.png
2,output_kepek\2\2857_2.png
2,output_kepek\2\2858_2.png
2,output_kepek\2\2859_2.png
1,output_kepek\1\285_1.png
2,output_kepek\2\2860_2.png
2,output_kepek\2\2861_2.png
2,output_kepek\2\2862_2.png
2,output_kepek\2\2863_2.png
2,output_kepek\2\2864_2.png
2,output_kepek\2\2865_2.png
2,output_kepek\2\2866_2.png
2,output_kepek\2\2867_2.png
2,output_kepek\2\2868_2.png
2,output_kepek\2\2869_2.png
1,output_kepek\1\286_1.png
2,output_kepek\2\2870_2.png
2,output_kepek\2\2871_2.png
2,output_kepek\2\2872_2.png
2,output_kepek\2\2873_2.png
2,output_kepek\2\2874_2.png
2,output_kepek\2\2875_2.png
2,output_kepek\2\2876_2.png
2,output_kepek\2\2877_2.png
2,output_kepek\2\2878_2.png
2,output_kepek\2\2879_2.png
1,output_kepek\1\287_1.png
2,output_kepek\2\2880_2.png
2,output_kepek\2\2881_2.png
2,output_kepek\2\2882_2.png
2,output_kepek\2\2883_2.png
2,output_kepek\2\2884_2.png
2,output_kepek\2\2885_2.png
2,output_kepek\2\2886_2.png
2,output_kepek\2\2887_2.png
2,output_kepek\2\2888_2.png
2,output_kepek\2\2889_2.png
1,output_kepek\1\288_1.png
2,output_kepek\2\2890_2.png
2,output_kepek\2\2891_2.png
2,output_kepek\2\2892_2.png
2,output_kepek\2\2893_2.png
2,output_kepek\2\2894_2.png
2,output_kepek\2\2895_2.png
2,output_kepek\2\2896_2.png
2,output_kepek\2\2897_2.png
2,output_kepek\2\2898_2.png
2,output_kepek\2\2899_2.png
1,output_kepek\1\289_1.png
1,output_kepek\1\28_1.png
2,output_kepek\2\2900_2.png
2,output_kepek\2\2901_2.png
2,output_kepek\2\2902_2.png
2,output_kepek\2\2903_2.png
2,output_kepek\2\2904_2.png
2,output_kepek\2\2905_2.png
2,output_kepek\2\2906_2.png
2,output_kepek\2\2907_2.png
2,output_kepek\2\2908_2.png
2,output_kepek\2\2909_2.png
1,output_kepek\1\290_1.png
2,output_kepek\2\2910_2.png
2,output_kepek\2\2911_2.png
2,output_kepek\2\2912_2.png
2,output_kepek\2\2913_2.png
2,output_kepek\2\2914_2.png
2,output_kepek\2\2915_2.png
2,output_kepek\2\2916_2.png
2,output_kepek\2\2917_2.png
2,output_kepek\2\2918_2.png
2,output_kepek\2\2919_2.png
1,output_kepek\1\291_1.png
2,output_kepek\2\2920_2.png
2,output_kepek\2\2921_2.png
2,output_kepek\2\2922_2.png
2,output_kepek\2\2923_2.png
2,output_kepek\2\2924_2.png
2,output_kepek\2\2925_2.png
2,output_kepek\2\2926_2.png
2,output_kepek\2\2927_2.png
2,output_kepek\2\2928_2.png
2,output_kepek\2\2929_2.png
1,output_kepek\1\292_1.png
2,output_kepek\2\2930_2.png
2,output_kepek\2\2931_2.png
2,output_kepek\2\2932_2.png
2,output_kepek\2\2933_2.png
2,output_kepek\2\2934_2.png
2,output_kepek\2\2935_2.png
2,output_kepek\2\2936_2.png
2,output_kepek\2\2937_2.png
2,output_kepek\2\2938_2.png
2,output_kepek\2\2939_2.png
1,output_kepek\1\293_1.png
2,output_kepek\2\2940_2.png
2,output_kepek\2\2941_2.png
2,output_kepek\2\2942_2.png
2,output_kepek\2\2943_2.png
2,output_kepek\2\2944_2.png
2,output_kepek\2\2945_2.png
2,output_kepek\2\2946_2.png
2,output_kepek\2\2947_2.png
2,output_kepek\2\2948_2.png
2,output_kepek\2\2949_2.png
1,output_kepek\1\294_1.png
2,output_kepek\2\2950_2.png
2,output_kepek\2\2951_2.png
2,output_kepek\2\2952_2.png
2,output_kepek\2\2953_2.png
2,output_kepek\2\2954_2.png
2,output_kepek\2\2955_2.png
2,output_kepek\2\2956_2.png
2,output_kepek\2\2957_2.png
2,output_kepek\2\2958_2.png
2,output_kepek\2\2959_2.png
1,output_kepek\1\295_1.png
2,output_kepek\2\2960_2.png
2,output_kepek\2\2961_2.png
2,output_kepek\2\2962_2.png
2,output_kepek\2\2963_2.png
2,output_kepek\2\2964_2.png
2,output_kepek\2\2965_2.png
2,output_kepek\2\2966_2.png
2,output_kepek\2\2967_2.png
2,output_kepek\2\2968_2.png
2,output_kepek\2\2969_2.png
1,output_kepek\1\296_1.png
2,output_kepek\2\2970_2.png
2,output_kepek\2\2971_2.png
2,output_kepek\2\2972_2.png
2,output_kepek\2\2973_2.png
2,output_kepek\2\2974_2.png
2,output_kepek\2\2975_2.png
2,output_kepek\2\2976_2.png
2,output_kepek\2\2977_2.png
2,output_kepek\2\2978_2.png
2,output_kepek\2\2979_2.png
1,output_kepek\1\297_1.png
2,output_kepek\2\2980_2.png
2,output_kepek\2\2981_2.png
2,output_kepek\2\2982_2.png
2,output_kepek\2\2983_2.png
2,output_kepek\2\2984_2.png
2,output_kepek\2\2985_2.png
2,output_kepek\2\2986_2.png
2,output_kepek\2\2987_2.png
2,output_kepek\2\2988_2.png
2,output_kepek\2\2989_2.png
1,output_kepek\1\298_1.png
2,output_kepek\2\2990_2.png
2,output_kepek\2\2991_2.png
2,output_kepek\2\2992_2.png
2,output_kepek\2\2993_2.png
2,output_kepek\2\2994_2.png
2,output_kepek\2\2995_2.png
2,output_kepek\2\2996_2.png
2,output_kepek\2\2997_2.png
2,output_kepek\2\2998_2.png
2,output_kepek\2\2999_2.png
1,output_kepek\1\299_1.png
1,output_kepek\1\29_1.png
1,output_kepek\1\2_1.png
2,output_kepek\2\3000_2.png
2,output_kepek\2\3001_2.png
2,output_kepek\2\3002_2.png
2,output_kepek\2\3003_2.png
2,output_kepek\2\3004_2.png
2,output_kepek\2\3005_2.png
2,output_kepek\2\3006_2.png
2,output_kepek\2\3007_2.png
2,output_kepek\2\3008_2.png
2,output_kepek\2\3009_2.png
1,output_kepek\1\300_1.png
2,output_kepek\2\3010_2.png
2,output_kepek\2\3011_2.png
2,output_kepek\2\3012_2.png
2,output_kepek\2\3013_2.png
2,output_kepek\2\3014_2.png
2,output_kepek\2\3015_2.png
2,output_kepek\2\3016_2.png
2,output_kepek\2\3017_2.png
2,output_kepek\2\3018_2.png
2,output_kepek\2\3019_2.png
1,output_kepek\1\301_1.png
2,output_kepek\2\3020_2.png
2,output_kepek\2\3021_2.png
2,output_kepek\2\3022_2.png
2,output_kepek\2\3023_2.png
2,output_kepek\2\3024_2.png
2,output_kepek\2\3025_2.png
2,output_kepek\2\3026_2.png
2,output_kepek\2\3027_2.png
2,output_kepek\2\3028_2.png
2,output_kepek\2\3029_2.png
1,output_kepek\1\302_1.png
1,output_kepek\1\3030_1.png
2,output_kepek\2\3031_2.png
2,output_kepek\2\3032_2.png
2,output_kepek\2\3033_2.png
2,output_kepek\2\3034_2.png
2,output_kepek\2\3035_2.png
2,output_kepek\2\3036_2.png
2,output_kepek\2\3037_2.png
2,output_kepek\2\3038_2.png
2,output_kepek\2\3039_2.png
1,output_kepek\1\303_1.png
2,output_kepek\2\3040_2.png
2,output_kepek\2\3041_2.png
2,output_kepek\2\3042_2.png
2,output_kepek\2\3043_2.png
2,output_kepek\2\3044_2.png
2,output_kepek\2\3045_2.png
2,output_kepek\2\3046_2.png
2,output_kepek\2\3047_2.png
2,output_kepek\2\3048_2.png
2,output_kepek\2\3049_2.png
1,output_kepek\1\304_1.png
2,output_kepek\2\3050_2.png
2,output_kepek\2\3051_2.png
2,output_kepek\2\3052_2.png
2,output_kepek\2\3053_2.png
2,output_kepek\2\3054_2.png
2,output_kepek\2\3055_2.png
2,output_kepek\2\3056_2.png
2,output_kepek\2\3057_2.png
2,output_kepek\2\3058_2.png
2,output_kepek\2\3059_2.png
1,output_kepek\1\305_1.png
2,output_kepek\2\3060_2.png
2,output_kepek\2\3061_2.png
2,output_kepek\2\3062_2.png
1,output_kepek\1\3063_1.png
1,output_kepek\1\3064_1.png
1,output_kepek\1\306_1.png
1,output_kepek\1\307_1.png
1,output_kepek\1\308_1.png
1,output_kepek\1\309_1.png
1,output_kepek\1\30_1.png
1,output_kepek\1\310_1.png
1,output_kepek\1\311_1.png
1,output_kepek\1\312_1.png
1,output_kepek\1\313_1.png
1,output_kepek\1\314_1.png
1,output_kepek\1\315_1.png
1,output_kepek\1\316_1.png
1,output_kepek\1\317_1.png
1,output_kepek\1\318_1.png
1,output_kepek\1\319_1.png
1,output_kepek\1\31_1.png
1,output_kepek\1\320_1.png
1,output_kepek\1\321_1.png
1,output_kepek\1\322_1.png
1,output_kepek\1\323_1.png
1,output_kepek\1\324_1.png
1,output_kepek\1\325_1.png
1,output_kepek\1\326_1.png
1,output_kepek\1\327_1.png
1,output_kepek\1\328_1.png
1,output_kepek\1\329_1.png
1,output_kepek\1\32_1.png
1,output_kepek\1\330_1.png
1,output_kepek\1\331_1.png
1,output_kepek\1\332_1.png
1,output_kepek\1\333_1.png
1,output_kepek\1\334_1.png
1,output_kepek\1\335_1.png
1,output_kepek\1\336_1.png
1,output_kepek\1\337_1.png
1,output_kepek\1\338_1.png
1,output_kepek\1\339_1.png
1,output_kepek\1\33_1.png
1,output_kepek\1\340_1.png
1,output_kepek\1\341_1.png
1,output_kepek\1\342_1.png
1,output_kepek\1\343_1.png
1,output_kepek\1\344_1.png
1,output_kepek\1\345_1.png
1,output_kepek\1\346_1.png
1,output_kepek\1\347_1.png
1,output_kepek\1\348_1.png
1,output_kepek\1\349_1.png
1,output_kepek\1\34_1.png
1,output_kepek\1\350_1.png
1,output_kepek\1\351_1.png
1,output_kepek\1\352_1.png
1,output_kepek\1\353_1.png
1,output_kepek\1\354_1.png
1,output_kepek\1\355_1.png
1,output_kepek\1\356_1.png
1,output_kepek\1\357_1.png
1,output_kepek\1\358_1.png
1,output_kepek\1\359_1.png
1,output_kepek\1\35_1.png
1,output_kepek\1\360_1.png
1,output_kepek\1\361_1.png
1,output_kepek\1\362_1.png
1,output_kepek\1\363_1.png
1,output_kepek\1\364_1.png
1,output_kepek\1\365_1.png
1,output_kepek\1\366_1.png
1,output_kepek\1\367_1.png
1,output_kepek\1\368_1.png
1,output_kepek\1\369_1.png
1,output_kepek\1\36_1.png
1,output_kepek\1\370_1.png
1,output_kepek\1\371_1.png
1,output_kepek\1\372_1.png
1,output_kepek\1\373_1.png
1,output_kepek\1\374_1.png
1,output_kepek\1\375_1.png
1,output_kepek\1\376_1.png
1,output_kepek\1\377_1.png
1,output_kepek\1\378_1.png
1,output_kepek\1\379_1.png
1,output_kepek\1\37_1.png
1,output_kepek\1\380_1.png
1,output_kepek\1\381_1.png
1,output_kepek\1\382_1.png
1,output_kepek\1\383_1.png
1,output_kepek\1\384_1.png
1,output_kepek\1\385_1.png
1,output_kepek\1\386_1.png
1,output_kepek\1\387_1.png
1,output_kepek\1\388_1.png
1,output_kepek\1\389_1.png
1,output_kepek\1\38_1.png
1,output_kepek\1\390_1.png
1,output_kepek\1\391_1.png
1,output_kepek\1\392_1.png
1,output_kepek\1\393_1.png
1,output_kepek\1\394_1.png
1,output_kepek\1\395_1.png
1,output_kepek\1\396_1.png
1,output_kepek\1\397_1.png
1,output_kepek\1\398_1.png
1,output_kepek\1\399_1.png
1,output_kepek\1\39_1.png
1,output_kepek\1\3_1.png
1,output_kepek\1\400_1.png
1,output_kepek\1\401_1.png
1,output_kepek\1\402_1.png
1,output_kepek\1\403_1.png
1,output_kepek\1\404_1.png
1,output_kepek\1\405_1.png
1,output_kepek\1\406_1.png
1,output_kepek\1\407_1.png
1,output_kepek\1\408_1.png
1,output_kepek\1\409_1.png
1,output_kepek\1\40_1.png
1,output_kepek\1\410_1.png
1,output_kepek\1\411_1.png
1,output_kepek\1\412_1.png
1,output_kepek\1\413_1.png
1,output_kepek\1\414_1.png
1,output_kepek\1\415_1.png
1,output_kepek\1\416_1.png
1,output_kepek\1\417_1.png
1,output_kepek\1\418_1.png
1,output_kepek\1\419_1.png
1,output_kepek\1\41_1.png
1,output_kepek\1\420_1.png
1,output_kepek\1\421_1.png
1,output_kepek\1\422_1.png
1,output_kepek\1\423_1.png
1,output_kepek\1\424_1.png
1,output_kepek\1\425_1.png
1,output_kepek\1\426_1.png
1,output_kepek\1\427_1.png
1,output_kepek\1\428_1.png
1,output_kepek\1\429_1.png
1,output_kepek\1\42_1.png
1,output_kepek\1\430_1.png
1,output_kepek\1\431_1.png
1,output_kepek\1\432_1.png
1,output_kepek\1\433_1.png
1,output_kepek\1\434_1.png
1,output_kepek\1\435_1.png
1,output_kepek\1\436_1.png
1,output_kepek\1\437_1.png
1,output_kepek\1\438_1.png
1,output_kepek\1\439_1.png
1,output_kepek\1\43_1.png
1,output_kepek\1\440_1.png
1,output_kepek\1\441_1.png
1,output_kepek\1\442_1.png
1,output_kepek\1\443_1.png
1,output_kepek\1\444_1.png
1,output_kepek\1\445_1.png
1,output_kepek\1\446_1.png
1,output_kepek\1\447_1.png
1,output_kepek\1\448_1.png
1,output_kepek\1\449_1.png
1,output_kepek\1\44_1.png
1,output_kepek\1\450_1.png
1,output_kepek\1\451_1.png
1,output_kepek\1\452_1.png
1,output_kepek\1\453_1.png
1,output_kepek\1\454_1.png
1,output_kepek\1\455_1.png
1,output_kepek\1\456_1.png
1,output_kepek\1\457_1.png
1,output_kepek\1\458_1.png
1,output_kepek\1\459_1.png
1,output_kepek\1\45_1.png
1,output_kepek\1\460_1.png
1,output_kepek\1\461_1.png
1,output_kepek\1\462_1.png
1,output_kepek\1\463_1.png
1,output_kepek\1\464_1.png
1,output_kepek\1\465_1.png
1,output_kepek\1\466_1.png
1,output_kepek\1\467_1.png
1,output_kepek\1\468_1.png
1,output_kepek\1\469_1.png
1,output_kepek\1\46_1.png
1,output_kepek\1\470_1.png
1,output_kepek\1\471_1.png
1,output_kepek\1\472_1.png
1,output_kepek\1\473_1.png
1,output_kepek\1\474_1.png
1,output_kepek\1\475_1.png
1,output_kepek\1\476_1.png
1,output_kepek\1\477_1.png
1,output_kepek\1\478_1.png
1,output_kepek\1\479_1.png
1,output_kepek\1\47_1.png
1,output_kepek\1\480_1.png
1,output_kepek\1\481_1.png
1,output_kepek\1\482_1.png
1,output_kepek\1\483_1.png
1,output_kepek\1\484_1.png
1,output_kepek\1\485_1.png
1,output_kepek\1\486_1.png
1,output_kepek\1\487_1.png
1,output_kepek\1\488_1.png
1,output_kepek\1\489_1.png
1,output_kepek\1\48_1.png
1,output_kepek\1\490_1.png
1,output_kepek\1\491_1.png
1,output_kepek\1\492_1.png
1,output_kepek\1\493_1.png
1,output_kepek\1\494_1.png
1,output_kepek\1\495_1.png
1,output_kepek\1\496_1.png
1,output_kepek\1\497_1.png
1,output_kepek\1\498_1.png
1,output_kepek\1\499_1.png
1,output_kepek\1\49_1.png
1,output_kepek\1\4_1.png
1,output_kepek\1\500_1.png
1,output_kepek\1\501_1.png
1,output_kepek\1\502_1.png
1,output_kepek\1\503_1.png
1,output_kepek\1\504_1.png
1,output_kepek\1\505_1.png
1,output_kepek\1\506_1.png
1,output_kepek\1\507_1.png
1,output_kepek\1\508_1.png
1,output_kepek\1\509_1.png
1,output_kepek\1\50_1.png
1,output_kepek\1\510_1.png
1,output_kepek\1\511_1.png
1,output_kepek\1\512_1.png
1,output_kepek\1\513_1.png
1,output_kepek\1\514_1.png
1,output_kepek\1\515_1.png
1,output_kepek\1\516_1.png
1,output_kepek\1\517_1.png
1,output_kepek\1\518_1.png
1,output_kepek\1\519_1.png
1,output_kepek\1\51_1.png
1,output_kepek\1\520_1.png
1,output_kepek\1\521_1.png
1,output_kepek\1\522_1.png
1,output_kepek\1\523_1.png
1,output_kepek\1\524_1.png
1,output_kepek\1\525_1.png
1,output_kepek\1\526_1.png
1,output_kepek\1\527_1.png
1,output_kepek\1\528_1.png
1,output_kepek\1\529_1.png
1,output_kepek\1\52_1.png
1,output_kepek\1\530_1.png
1,output_kepek\1\531_1.png
1,output_kepek\1\532_1.png
1,output_kepek\1\533_1.png
1,output_kepek\1\534_1.png
1,output_kepek\1\535_1.png
1,output_kepek\1\536_1.png
1,output_kepek\1\537_1.png
1,output_kepek\1\538_1.png
1,output_kepek\1\539_1.png
1,output_kepek\1\53_1.png
1,output_kepek\1\540_1.png
1,output_kepek\1\541_1.png
1,output_kepek\1\542_1.png
1,output_kepek\1\543_1.png
1,output_kepek\1\544_1.png
1,output_kepek\1\545_1.png
1,output_kepek\1\546_1.png
1,output_kepek\1\547_1.png
1,output_kepek\1\548_1.png
1,output_kepek\1\549_1.png
1,output_kepek\1\54_1.png
1,output_kepek\1\550_1.png
1,output_kepek\1\551_1.png
1,output_kepek\1\552_1.png
1,output_kepek\1\553_1.png
1,output_kepek\1\554_1.png
1,output_kepek\1\555_1.png
1,output_kepek\1\556_1.png
1,output_kepek\1\557_1.png
1,output_kepek\1\558_1.png
1,output_kepek\1\559_1.png
1,output_kepek\1\55_1.png
1,output_kepek\1\560_1.png
1,output_kepek\1\561_1.png
1,output_kepek\1\562_1.png
1,output_kepek\1\563_1.png
1,output_kepek\1\564_1.png
1,output_kepek\1\565_1.png
1,output_kepek\1\566_1.png
1,output_kepek\1\567_1.png
1,output_kepek\1\568_1.png
1,output_kepek\1\569_1.png
1,output_kepek\1\56_1.png
1,output_kepek\1\570_1.png
1,output_kepek\1\571_1.png
1,output_kepek\1\572_1.png
1,output_kepek\1\573_1.png
1,output_kepek\1\574_1.png
1,output_kepek\1\575_1.png
1,output_kepek\1\576_1.png
1,output_kepek\1\577_1.png
1,output_kepek\1\578_1.png
1,output_kepek\1\579_1.png
1,output_kepek\1\57_1.png
1,output_kepek\1\580_1.png
1,output_kepek\1\581_1.png
1,output_kepek\1\582_1.png
1,output_kepek\1\583_1.png
1,output_kepek\1\584_1.png
1,output_kepek\1\585_1.png
1,output_kepek\1\586_1.png
1,output_kepek\1\587_1.png
1,output_kepek\1\588_1.png
1,output_kepek\1\589_1.png
1,output_kepek\1\58_1.png
1,output_kepek\1\590_1.png
1,output_kepek\1\591_1.png
1,output_kepek\1\592_1.png
1,output_kepek\1\593_1.png
1,output_kepek\1\594_1.png
1,output_kepek\1\595_1.png
1,output_kepek\1\596_1.png
1,output_kepek\1\597_1.png
1,output_kepek\1\598_1.png
1,output_kepek\1\599_1.png
3,output_kepek\3\59_3.png
1,output_kepek\1\5_1.png
1,output_kepek\1\600_1.png
1,output_kepek\1\601_1.png
1,output_kepek\1\602_1.png
1,output_kepek\1\603_1.png
1,output_kepek\1\604_1.png
1,output_kepek\1\605_1.png
1,output_kepek\1\606_1.png
1,output_kepek\1\607_1.png
1,output_kepek\1\608_1.png
1,output_kepek\1\609_1.png
1,output_kepek\1\60_1.png
1,output_kepek\1\610_1.png
1,output_kepek\1\611_1.png
1,output_kepek\1\612_1.png
1,output_kepek\1\613_1.png
1,output_kepek\1\614_1.png
1,output_kepek\1\615_1.png
1,output_kepek\1\616_1.png
1,output_kepek\1\617_1.png
1,output_kepek\1\618_1.png
1,output_kepek\1\619_1.png
1,output_kepek\1\61_1.png
1,output_kepek\1\620_1.png
1,output_kepek\1\621_1.png
1,output_kepek\1\622_1.png
1,output_kepek\1\623_1.png
1,output_kepek\1\624_1.png
1,output_kepek\1\625_1.png
1,output_kepek\1\626_1.png
1,output_kepek\1\627_1.png
1,output_kepek\1\628_1.png
1,output_kepek\1\629_1.png
1,output_kepek\1\62_1.png
1,output_kepek\1\630_1.png
1,output_kepek\1\631_1.png
1,output_kepek\1\632_1.png
1,output_kepek\1\633_1.png
1,output_kepek\1\634_1.png
1,output_kepek\1\635_1.png
1,output_kepek\1\636_1.png
1,output_kepek\1\637_1.png
1,output_kepek\1\638_1.png
1,output_kepek\1\639_1.png
1,output_kepek\1\63_1.png
1,output_kepek\1\640_1.png
1,output_kepek\1\641_1.png
1,output_kepek\1\642_1.png
1,output_kepek\1\643_1.png
1,output_kepek\1\644_1.png
1,output_kepek\1\645_1.png
1,output_kepek\1\646_1.png
1,output_kepek\1\647_1.png
1,output_kepek\1\648_1.png
1,output_kepek\1\649_1.png
1,output_kepek\1\64_1.png
1,output_kepek\1\650_1.png
1,output_kepek\1\651_1.png
1,output_kepek\1\652_1.png
1,output_kepek\1\653_1.png
1,output_kepek\1\654_1.png
1,output_kepek\1\655_1.png
1,output_kepek\1\656_1.png
1,output_kepek\1\657_1.png
1,output_kepek\1\658_1.png
1,output_kepek\1\659_1.png
1,output_kepek\1\65_1.png
1,output_kepek\1\660_1.png
1,output_kepek\1\661_1.png
1,output_kepek\1\662_1.png
1,output_kepek\1\663_1.png
1,output_kepek\1\664_1.png
1,output_kepek\1\665_1.png
1,output_kepek\1\666_1.png
1,output_kepek\1\667_1.png
1,output_kepek\1\668_1.png
1,output_kepek\1\669_1.png
1,output_kepek\1\66_1.png
1,output_kepek\1\670_1.png
1,output_kepek\1\671_1.png
1,output_kepek\1\672_1.png
1,output_kepek\1\673_1.png
1,output_kepek\1\674_1.png
1,output_kepek\1\675_1.png
1,output_kepek\1\676_1.png
1,output_kepek\1\677_1.png
1,output_kepek\1\678_1.png
1,output_kepek\1\679_1.png
1,output_kepek\1\67_1.png
1,output_kepek\1\680_1.png
1,output_kepek\1\681_1.png
1,output_kepek\1\682_1.png
1,output_kepek\1\683_1.png
1,output_kepek\1\684_1.png
1,output_kepek\1\685_1.png
1,output_kepek\1\686_1.png
1,output_kepek\1\687_1.png
1,output_kepek\1\688_1.png
1,output_kepek\1\689_1.png
1,output_kepek\1\68_1.png
1,output_kepek\1\690_1.png
1,output_kepek\1\691_1.png
1,output_kepek\1\692_1.png
1,output_kepek\1\693_1.png
1,output_kepek\1\694_1.png
1,output_kepek\1\695_1.png
1,output_kepek\1\696_1.png
1,output_kepek\1\697_1.png
1,output_kepek\1\698_1.png
1,output_kepek\1\699_1.png
1,output_kepek\1\69_1.png
1,output_kepek\1\6_1.png
1,output_kepek\1\700_1.png
1,output_kepek\1\701_1.png
1,output_kepek\1\702_1.png
1,output_kepek\1\703_1.png
1,output_kepek\1\704_1.png
1,output_kepek\1\705_1.png
1,output_kepek\1\706_1.png
1,output_kepek\1\707_1.png
1,output_kepek\1\708_1.png
3,output_kepek\3\709_3.png
1,output_kepek\1\70_1.png
3,output_kepek\3\710_3.png
3,output_kepek\3\711_3.png
3,output_kepek\3\712_3.png
3,output_kepek\3\713_3.png
3,output_kepek\3\714_3.png
2,output_kepek\2\715_2.png
2,output_kepek\2\716_2.png
2,output_kepek\2\717_2.png
2,output_kepek\2\718_2.png
2,output_kepek\2\719_2.png
1,output_kepek\1\71_1.png
2,output_kepek\2\720_2.png
2,output_kepek\2\721_2.png
2,output_kepek\2\722_2.png
2,output_kepek\2\723_2.png
2,output_kepek\2\724_2.png
2,output_kepek\2\725_2.png
2,output_kepek\2\726_2.png
2,output_kepek\2\727_2.png
2,output_kepek\2\728_2.png
2,output_kepek\2\729_2.png
1,output_kepek\1\72_1.png
2,output_kepek\2\730_2.png
2,output_kepek\2\731_2.png
2,output_kepek\2\732_2.png
2,output_kepek\2\733_2.png
2,output_kepek\2\734_2.png
2,output_kepek\2\735_2.png
2,output_kepek\2\736_2.png
2,output_kepek\2\737_2.png
2,output_kepek\2\738_2.png
2,output_kepek\2\739_2.png
1,output_kepek\1\73_1.png
2,output_kepek\2\740_2.png
2,output_kepek\2\741_2.png
2,output_kepek\2\742_2.png
2,output_kepek\2\743_2.png
2,output_kepek\2\744_2.png
2,output_kepek\2\745_2.png
2,output_kepek\2\746_2.png
2,output_kepek\2\747_2.png
2,output_kepek\2\748_2.png
2,output_kepek\2\749_2.png
1,output_kepek\1\74_1.png
2,output_kepek\2\750_2.png
2,output_kepek\2\751_2.png
2,output_kepek\2\752_2.png
2,output_kepek\2\753_2.png
2,output_kepek\2\754_2.png
2,output_kepek\2\755_2.png
2,output_kepek\2\756_2.png
2,output_kepek\2\757_2.png
2,output_kepek\2\758_2.png
2,output_kepek\2\759_2.png
1,output_kepek\1\75_1.png
2,output_kepek\2\760_2.png
2,output_kepek\2\761_2.png
2,output_kepek\2\762_2.png
2,output_kepek\2\763_2.png
2,output_kepek\2\764_2.png
2,output_kepek\2\765_2.png
2,output_kepek\2\766_2.png
2,output_kepek\2\767_2.png
2,output_kepek\2\768_2.png
2,output_kepek\2\769_2.png
1,output_kepek\1\76_1.png
2,output_kepek\2\770_2.png
2,output_kepek\2\771_2.png
2,output_kepek\2\772_2.png
2,output_kepek\2\773_2.png
2,output_kepek\2\774_2.png
2,output_kepek\2\775_2.png
2,output_kepek\2\776_2.png
2,output_kepek\2\777_2.png
2,output_kepek\2\778_2.png
2,output_kepek\2\779_2.png
1,output_kepek\1\77_1.png
2,output_kepek\2\780_2.png
2,output_kepek\2\781_2.png
2,output_kepek\2\782_2.png
2,output_kepek\2\783_2.png
2,output_kepek\2\784_2.png
2,output_kepek\2\785_2.png
2,output_kepek\2\786_2.png
2,output_kepek\2\787_2.png
2,output_kepek\2\788_2.png
2,output_kepek\2\789_2.png
1,output_kepek\1\78_1.png
2,output_kepek\2\790_2.png
2,output_kepek\2\791_2.png
2,output_kepek\2\792_2.png
2,output_kepek\2\793_2.png
2,output_kepek\2\794_2.png
2,output_kepek\2\795_2.png
2,output_kepek\2\796_2.png
2,output_kepek\2\797_2.png
2,output_kepek\2\798_2.png
2,output_kepek\2\799_2.png
1,output_kepek\1\79_1.png
1,output_kepek\1\7_1.png
2,output_kepek\2\800_2.png
2,output_kepek\2\801_2.png
2,output_kepek\2\802_2.png
2,output_kepek\2\803_2.png
2,output_kepek\2\804_2.png
2,output_kepek\2\805_2.png
2,output_kepek\2\806_2.png
2,output_kepek\2\807_2.png
2,output_kepek\2\808_2.png
2,output_kepek\2\809_2.png
1,output_kepek\1\80_1.png
2,output_kepek\2\810_2.png
2,output_kepek\2\811_2.png
2,output_kepek\2\812_2.png
2,output_kepek\2\813_2.png
2,output_kepek\2\814_2.png
2,output_kepek\2\815_2.png
2,output_kepek\2\816_2.png
2,output_kepek\2\817_2.png
2,output_kepek\2\818_2.png
2,output_kepek\2\819_2.png
1,output_kepek\1\81_1.png
2,output_kepek\2\820_2.png
2,output_kepek\2\821_2.png
2,output_kepek\2\822_2.png
2,output_kepek\2\823_2.png
2,output_kepek\2\824_2.png
2,output_kepek\2\825_2.png
2,output_kepek\2\826_2.png
2,output_kepek\2\827_2.png
2,output_kepek\2\828_2.png
2,output_kepek\2\829_2.png
1,output_kepek\1\82_1.png
2,output_kepek\2\830_2.png
2,output_kepek\2\831_2.png
2,output_kepek\2\832_2.png
2,output_kepek\2\833_2.png
2,output_kepek\2\834_2.png
2,output_kepek\2\835_2.png
2,output_kepek\2\836_2.png
2,output_kepek\2\837_2.png
2,output_kepek\2\838_2.png
2,output_kepek\2\839_2.png
1,output_kepek\1\83_1.png
2,output_kepek\2\840_2.png
2,output_kepek\2\841_2.png
2,output_kepek\2\842_2.png
2,output_kepek\2\843_2.png
2,output_kepek\2\844_2.png
2,output_kepek\2\845_2.png
2,output_kepek\2\846_2.png
2,output_kepek\2\847_2.png
2,output_kepek\2\848_2.png
2,output_kepek\2\849_2.png
1,output_kepek\1\84_1.png
2,output_kepek\2\850_2.png
2,output_kepek\2\851_2.png
2,output_kepek\2\852_2.png
2,output_kepek\2\853_2.png
2,output_kepek\2\854_2.png
2,output_kepek\2\855_2.png
2,output_kepek\2\856_2.png
2,output_kepek\2\857_2.png
2,output_kepek\2\858_2.png
2,output_kepek\2\859_2.png
1,output_kepek\1\85_1.png
2,output_kepek\2\860_2.png
2,output_kepek\2\861_2.png
2,output_kepek\2\862_2.png
2,output_kepek\2\863_2.png
2,output_kepek\2\864_2.png
2,output_kepek\2\865_2.png
2,output_kepek\2\866_2.png
2,output_kepek\2\867_2.png
2,output_kepek\2\868_2.png
2,output_kepek\2\869_2.png
1,output_kepek\1\86_1.png
2,output_kepek\2\870_2.png
2,output_kepek\2\871_2.png
2,output_kepek\2\872_2.png
2,output_kepek\2\873_2.png
2,output_kepek\2\874_2.png
2,output_kepek\2\875_2.png
2,output_kepek\2\876_2.png
2,output_kepek\2\877_2.png
2,output_kepek\2\878_2.png
2,output_kepek\2\879_2.png
1,output_kepek\1\87_1.png
2,output_kepek\2\880_2.png
2,output_kepek\2\881_2.png
2,output_kepek\2\882_2.png
2,output_kepek\2\883_2.png
2,output_kepek\2\884_2.png
2,output_kepek\2\885_2.png
2,output_kepek\2\886_2.png
2,output_kepek\2\887_2.png
2,output_kepek\2\888_2.png
2,output_kepek\2\889_2.png
1,output_kepek\1\88_1.png
2,output_kepek\2\890_2.png
2,output_kepek\2\891_2.png
2,output_kepek\2\892_2.png
2,output_kepek\2\893_2.png
2,output_kepek\2\894_2.png
2,output_kepek\2\895_2.png
2,output_kepek\2\896_2.png
2,output_kepek\2\897_2.png
2,output_kepek\2\898_2.png
2,output_kepek\2\899_2.png
1,output_kepek\1\89_1.png
1,output_kepek\1\8_1.png
2,output_kepek\2\900_2.png
2,output_kepek\2\901_2.png
2,output_kepek\2\902_2.png
2,output_kepek\2\903_2.png
2,output_kepek\2\904_2.png
2,output_kepek\2\905_2.png
2,output_kepek\2\906_2.png
2,output_kepek\2\907_2.png
2,output_kepek\2\908_2.png
2,output_kepek\2\909_2.png
1,output_kepek\1\90_1.png
2,output_kepek\2\910_2.png
2,output_kepek\2\911_2.png
2,output_kepek\2\912_2.png
2,output_kepek\2\913_2.png
2,output_kepek\2\914_2.png
2,output_kepek\2\915_2.png
2,output_kepek\2\916_2.png
2,output_kepek\2\917_2.png
3,output_kepek\3\918_3.png
3,output_kepek\3\919_3.png
1,output_kepek\1\91_1.png
3,output_kepek\3\920_3.png
3,output_kepek\3\921_3.png
3,output_kepek\3\922_3.png
3,output_kepek\3\923_3.png
3,output_kepek\3\924_3.png
3,output_kepek\3\925_3.png
3,output_kepek\3\926_3.png
3,output_kepek\3\927_3.png
3,output_kepek\3\928_3.png
3,output_kepek\3\929_3.png
1,output_kepek\1\92_1.png
3,output_kepek\3\930_3.png
3,output_kepek\3\931_3.png
3,output_kepek\3\932_3.png
3,output_kepek\3\933_3.png
3,output_kepek\3\934_3.png
3,output_kepek\3\935_3.png
3,output_kepek\3\936_3.png
3,output_kepek\3\937_3.png
3,output_kepek\3\938_3.png
3,output_kepek\3\939_3.png
1,output_kepek\1\93_1.png
3,output_kepek\3\940_3.png
3,output_kepek\3\941_3.png
3,output_kepek\3\942_3.png
3,output_kepek\3\943_3.png
3,output_kepek\3\944_3.png
3,output_kepek\3\945_3.png
3,output_kepek\3\946_3.png
3,output_kepek\3\947_3.png
3,output_kepek\3\948_3.png
3,output_kepek\3\949_3.png
1,output_kepek\1\94_1.png
3,output_kepek\3\950_3.png
3,output_kepek\3\951_3.png
3,output_kepek\3\952_3.png
3,output_kepek\3\953_3.png
3,output_kepek\3\954_3.png
3,output_kepek\3\955_3.png
3,output_kepek\3\956_3.png
3,output_kepek\3\957_3.png
3,output_kepek\3\958_3.png
3,output_kepek\3\959_3.png
1,output_kepek\1\95_1.png
3,output_kepek\3\960_3.png
3,output_kepek\3\961_3.png
3,output_kepek\3\962_3.png
3,output_kepek\3\963_3.png
3,output_kepek\3\964_3.png
3,output_kepek\3\965_3.png
3,output_kepek\3\966_3.png
3,output_kepek\3\967_3.png
3,output_kepek\3\968_3.png
3,output_kepek\3\969_3.png
1,output_kepek\1\96_1.png
3,output_kepek\3\970_3.png
3,output_kepek\3\971_3.png
3,output_kepek\3\972_3.png
3,output_kepek\3\973_3.png
3,output_kepek\3\974_3.png
3,output_kepek\3\975_3.png
3,output_kepek\3\976_3.png
3,output_kepek\3\977_3.png
3,output_kepek\3\978_3.png
3,output_kepek\3\979_3.png
1,output_kepek\1\97_1.png
3,output_kepek\3\980_3.png
3,output_kepek\3\981_3.png
3,output_kepek\3\982_3.png
3,output_kepek\3\983_3.png
3,output_kepek\3\984_3.png
3,output_kepek\3\985_3.png
3,output_kepek\3\986_3.png
3,output_kepek\3\987_3.png
3,output_kepek\3\988_3.png
3,output_kepek\3\989_3.png
1,output_kepek\1\98_1.png
3,output_kepek\3\990_3.png
3,output_kepek\3\991_3.png
3,output_kepek\3\992_3.png
3,output_kepek\3\993_3.png
3,output_kepek\3\994_3.png
3,output_kepek\3\995_3.png
3,output_kepek\3\996_3.png
3,output_kepek\3\997_3.png
3,output_kepek\3\998_3.png
3,output_kepek\3\999_3.png
1,output_kepek\1\99_1.png
1,output_kepek\1\9_1.png
